id,evidence_record_id,version_number,sha256,content_type,size_bytes,object_key,collected_at,collected_by,ingestion_run_id,created_at
c48ea2c8-43b7-4c9d-94f9-bdaa4fd8e33c,d7c75fed-d1f6-4387-92bc-643a6be73619,1,7096c2b7964b56ad00016bd9f127a0fdb1b6c2f06ad0e797381bf5796bc63a07,application/json,254,evidence/d7c75fed-d1f6-4387-92bc-643a6be73619/v1/7096c2b7964b56ad00016bd9f127a0fdb1b6c2f06ad0e797381bf5796bc63a07,2026-09-11 11:30:39+00,SERVICENOW,d55f9753-ec9c-405a-8304-71d591e8d7b4,2026-09-11 11:30:40.269166+00
2cde1e26-925c-4b71-9f8c-9eda33812ea9,133172bf-2ebc-44b1-a5ea-64d13da66e1b,1,804c6ad26701569e6ba7531b955a2143ed53c87e54aec08f366438d067754db4,application/json,240,evidence/133172bf-2ebc-44b1-a5ea-64d13da66e1b/v1/804c6ad26701569e6ba7531b955a2143ed53c87e54aec08f366438d067754db4,2026-09-11 11:30:39+00,SERVICENOW,d55f9753-ec9c-405a-8304-71d591e8d7b4,2026-09-11 11:30:40.11154+00
df390a96-783a-4259-9bda-45f51773058b,ef4bcc7f-8475-4514-b409-80f441a71f17,1,e0d31bf7275c1803bbfce7e8ee4b612f31031edd585b1c3aa0477d22a6cbe09d,application/json,239,evidence/ef4bcc7f-8475-4514-b409-80f441a71f17/v1/e0d31bf7275c1803bbfce7e8ee4b612f31031edd585b1c3aa0477d22a6cbe09d,2026-09-11 11:30:39+00,SERVICENOW,d55f9753-ec9c-405a-8304-71d591e8d7b4,2026-09-11 11:30:39.92788+00
216ff1fa-7c80-4079-aabc-55f331afd95f,154eff0e-2769-4b8b-aa06-39785c812044,1,2fcec02b46f117cce7caf82ddef656d0bea4d9dc395b78407159beaf0f9c706d,application/json,257,evidence/154eff0e-2769-4b8b-aa06-39785c812044/v1/2fcec02b46f117cce7caf82ddef656d0bea4d9dc395b78407159beaf0f9c706d,2026-09-11 11:30:39+00,SERVICENOW,d55f9753-ec9c-405a-8304-71d591e8d7b4,2026-09-11 11:30:39.735607+00
8359c46a-265b-4f0d-9394-6448e2e3a927,85ddba5a-a66b-4116-9273-d76fb4110393,1,19817c672d71bd0861cedf2f4d73002666d2234e1f049b2c94591d0e3939a060,application/json,243,evidence/85ddba5a-a66b-4116-9273-d76fb4110393/v1/19817c672d71bd0861cedf2f4d73002666d2234e1f049b2c94591d0e3939a060,2026-09-11 11:30:39+00,SERVICENOW,d55f9753-ec9c-405a-8304-71d591e8d7b4,2026-09-11 11:30:39.5526+00
834cc40e-a195-4e2a-8b04-24cadea2f92e,3eb31cd6-bb9d-4425-a55d-26cde74eb6a2,1,97889c6d042a0366f761473d37b4d1d22de44d0c7b638902e6be93bb6dc8df22,application/json,242,evidence/3eb31cd6-bb9d-4425-a55d-26cde74eb6a2/v1/97889c6d042a0366f761473d37b4d1d22de44d0c7b638902e6be93bb6dc8df22,2026-09-11 11:30:39+00,SERVICENOW,d55f9753-ec9c-405a-8304-71d591e8d7b4,2026-09-11 11:30:39.386054+00
e9b1232a-d9ab-4db6-99c6-0c4e43456325,faf039a9-49e2-4e57-a109-5348504c51af,1,6894117c02588fba8ee7e4b87b197066242f1fdf5e125ba4f39319e8882d4d20,application/json,260,evidence/faf039a9-49e2-4e57-a109-5348504c51af/v1/6894117c02588fba8ee7e4b87b197066242f1fdf5e125ba4f39319e8882d4d20,2026-09-11 11:30:38+00,SERVICENOW,d55f9753-ec9c-405a-8304-71d591e8d7b4,2026-09-11 11:30:39.247211+00
86ce46ab-80d9-4c82-bad3-ca775243ea1a,0cbba80a-7fb6-445e-b910-4c2f3cc82291,1,6fc7da62682a74ab990023c4a6f1b7b3245f975ef38a37d38dfabe8ab229dd4b,application/json,246,evidence/0cbba80a-7fb6-445e-b910-4c2f3cc82291/v1/6fc7da62682a74ab990023c4a6f1b7b3245f975ef38a37d38dfabe8ab229dd4b,2026-09-11 11:30:38+00,SERVICENOW,d55f9753-ec9c-405a-8304-71d591e8d7b4,2026-09-11 11:30:39.073371+00
03226589-3de0-4e2b-a4f0-bce3b898f195,3a6f538f-dabf-44fa-9bdf-68b6d7ad1f51,1,d18ca51ebe99fbf3f190a9230b4202ac5a498cbbb8beef5fb6e5a693751acec2,application/json,245,evidence/3a6f538f-dabf-44fa-9bdf-68b6d7ad1f51/v1/d18ca51ebe99fbf3f190a9230b4202ac5a498cbbb8beef5fb6e5a693751acec2,2026-09-11 11:30:38+00,SERVICENOW,d55f9753-ec9c-405a-8304-71d591e8d7b4,2026-09-11 11:30:38.754649+00
194fd0d1-1876-419f-89f9-e9b3c66cbe60,3c427540-629c-4d58-b1ee-119170ad7937,1,9aaa9249efbb007015beb1fc80d8a8e1d020c2b6758a63a284a689581ed26e67,application/json,245,evidence/3c427540-629c-4d58-b1ee-119170ad7937/v1/9aaa9249efbb007015beb1fc80d8a8e1d020c2b6758a63a284a689581ed26e67,2026-09-11 11:30:38+00,SHAREPOINT,d55f9753-ec9c-405a-8304-71d591e8d7b4,2026-09-11 11:30:38.521124+00
81d7eb66-aaed-4489-b715-73c6a5cbba2b,ac3a164f-5ced-435e-8218-9a5cb9b24b37,1,919e78f3ed5fa277e65aed20f7e6caeba29f2fc114b325bd14ab12eecb17b32d,application/json,240,evidence/ac3a164f-5ced-435e-8218-9a5cb9b24b37/v1/919e78f3ed5fa277e65aed20f7e6caeba29f2fc114b325bd14ab12eecb17b32d,2026-09-11 11:30:38+00,SHAREPOINT,d55f9753-ec9c-405a-8304-71d591e8d7b4,2026-09-11 11:30:38.384478+00
e418409e-28c4-4e28-9bc3-b9278bcdda5d,f5111da2-d4f4-42aa-8404-5374de1a68ab,1,3a4ffffe3e79bb3a13f01930a69400d0f6eb3852857216b1f2f54b79b084c146,application/json,240,evidence/f5111da2-d4f4-42aa-8404-5374de1a68ab/v1/3a4ffffe3e79bb3a13f01930a69400d0f6eb3852857216b1f2f54b79b084c146,2026-09-11 11:30:38+00,SHAREPOINT,d55f9753-ec9c-405a-8304-71d591e8d7b4,2026-09-11 11:30:38.245696+00
c0e5daef-9aa3-4acd-b3d5-dedc3b25f2d6,ea8c3aea-413d-42ca-b74f-901c4c9e77b3,1,e905a7cce67beecc7f61d10bb27648d025ab1ff608a1b6ad55bee324202855e6,application/json,248,evidence/ea8c3aea-413d-42ca-b74f-901c4c9e77b3/v1/e905a7cce67beecc7f61d10bb27648d025ab1ff608a1b6ad55bee324202855e6,2026-09-11 11:30:37+00,SHAREPOINT,d55f9753-ec9c-405a-8304-71d591e8d7b4,2026-09-11 11:30:38.070611+00
c5631139-a0ef-4b0f-b6bb-84c3a41bf170,0f9fb36e-df77-42a4-a382-47b47224f6e9,1,936d9262f6437cd055cbb40c2f7eced073bd6a63782f1007176cc5188225ace6,application/json,243,evidence/0f9fb36e-df77-42a4-a382-47b47224f6e9/v1/936d9262f6437cd055cbb40c2f7eced073bd6a63782f1007176cc5188225ace6,2026-09-11 11:30:37+00,SHAREPOINT,d55f9753-ec9c-405a-8304-71d591e8d7b4,2026-09-11 11:30:37.916692+00
c45cda2c-0591-497f-8075-03b78836945b,336368f7-ed2c-4162-a122-2f9f5a3375aa,1,a0ae6fc7caa5b15ff5ad634ae0a0a16bdb61c417664ac5b82b002e83776e6076,application/json,243,evidence/336368f7-ed2c-4162-a122-2f9f5a3375aa/v1/a0ae6fc7caa5b15ff5ad634ae0a0a16bdb61c417664ac5b82b002e83776e6076,2026-09-11 11:30:37+00,SHAREPOINT,d55f9753-ec9c-405a-8304-71d591e8d7b4,2026-09-11 11:30:37.768383+00
2a51921d-8038-455b-8551-20a55f5d5fe6,dff9d0a7-695e-41e2-bc33-28f73c80064d,1,26c3e64f53d1bbbce2e7a0bdf2fda94cbb49fab9b7959d538c8a2ffbd12325f8,application/json,251,evidence/dff9d0a7-695e-41e2-bc33-28f73c80064d/v1/26c3e64f53d1bbbce2e7a0bdf2fda94cbb49fab9b7959d538c8a2ffbd12325f8,2026-09-11 11:30:37+00,SHAREPOINT,d55f9753-ec9c-405a-8304-71d591e8d7b4,2026-09-11 11:30:37.62264+00
f0deb8b3-26aa-4d67-8e95-ff0eaed92c53,f3434323-73cc-4bc5-a28e-e2eecca0408d,1,bc145fe6fa1e52c52f200e8b6867b5640301bb4f69e4bcc033f484555dfe293a,application/json,246,evidence/f3434323-73cc-4bc5-a28e-e2eecca0408d/v1/bc145fe6fa1e52c52f200e8b6867b5640301bb4f69e4bcc033f484555dfe293a,2026-09-11 11:30:37+00,SHAREPOINT,d55f9753-ec9c-405a-8304-71d591e8d7b4,2026-09-11 11:30:37.440035+00
d1d87bb2-1f18-4ab5-9427-29d4e7ce739e,fbd45b9a-45f6-4f06-a171-18d882ddd280,1,a60bee63d8895648df82de4cfa8e332df1fcfacebf486d7e36e32d8795bf329e,application/json,246,evidence/fbd45b9a-45f6-4f06-a171-18d882ddd280/v1/a60bee63d8895648df82de4cfa8e332df1fcfacebf486d7e36e32d8795bf329e,2026-09-11 11:30:37+00,SHAREPOINT,d55f9753-ec9c-405a-8304-71d591e8d7b4,2026-09-11 11:30:37.268132+00
329a9e1d-a2f4-441d-a575-c87b307377d9,4f0d8986-1f87-4f43-8526-e6a59a09a9db,1,3e2323341d8a3dbada2b316abc7d64ea5bdf06a50989a791c482aaf7fa570306,application/json,380,evidence/4f0d8986-1f87-4f43-8526-e6a59a09a9db/v1/3e2323341d8a3dbada2b316abc7d64ea5bdf06a50989a791c482aaf7fa570306,2026-09-11 11:30:36+00,SIM_TOMCAT,d55f9753-ec9c-405a-8304-71d591e8d7b4,2026-09-11 11:30:37.124748+00
6af6e317-eddc-45fb-b18a-a8845ad0a55a,88d194bb-6efb-4865-b0e7-884e4143522a,1,bb7611678eb9bf2e52c6b8df4f10c6bbcb4802415063bda67b1df0902907cc4c,application/json,409,evidence/88d194bb-6efb-4865-b0e7-884e4143522a/v1/bb7611678eb9bf2e52c6b8df4f10c6bbcb4802415063bda67b1df0902907cc4c,2026-09-11 11:30:36+00,SIM_TOMCAT,d55f9753-ec9c-405a-8304-71d591e8d7b4,2026-09-11 11:30:36.977995+00
05272742-9aeb-444b-8f25-e6eed8a17500,443fa679-3ed5-479c-a44f-e6b1af578f77,1,f793e44495dd7d4cdd442cc22fa4eae6f03d07eda38e503204139c85d5b7ea89,application/json,383,evidence/443fa679-3ed5-479c-a44f-e6b1af578f77/v1/f793e44495dd7d4cdd442cc22fa4eae6f03d07eda38e503204139c85d5b7ea89,2026-09-11 11:30:36+00,SIM_TOMCAT,d55f9753-ec9c-405a-8304-71d591e8d7b4,2026-09-11 11:30:36.845321+00
a0da006a-8a9c-466b-9234-e4fd6b1934be,0eb158a8-babd-43e8-b836-af3f03295946,1,f94a2d63031e8a2a99556a4eca7787023f1ecf682e474188142c5af81593b350,application/json,412,evidence/0eb158a8-babd-43e8-b836-af3f03295946/v1/f94a2d63031e8a2a99556a4eca7787023f1ecf682e474188142c5af81593b350,2026-09-11 11:30:36+00,SIM_TOMCAT,d55f9753-ec9c-405a-8304-71d591e8d7b4,2026-09-11 11:30:36.684322+00
a5d391a3-0186-479f-aa20-662369cdd228,f3d72654-f9cc-4900-b350-55701c813ffd,1,59206f3f10024347ed335530e51278b165a69ccb24ac264e3feb5697b39973dc,application/json,386,evidence/f3d72654-f9cc-4900-b350-55701c813ffd/v1/59206f3f10024347ed335530e51278b165a69ccb24ac264e3feb5697b39973dc,2026-09-11 11:30:36+00,SIM_TOMCAT,d55f9753-ec9c-405a-8304-71d591e8d7b4,2026-09-11 11:30:36.53785+00
2d31295e-891b-4840-be9a-17f8aab39ab9,f4963003-ae32-43c3-b58a-c6608b6ebe15,1,beed8f79dbe709aaa263c74a42f4205715ad6bdab819640a21c3d11681ded9eb,application/json,415,evidence/f4963003-ae32-43c3-b58a-c6608b6ebe15/v1/beed8f79dbe709aaa263c74a42f4205715ad6bdab819640a21c3d11681ded9eb,2026-09-11 11:30:36+00,SIM_TOMCAT,d55f9753-ec9c-405a-8304-71d591e8d7b4,2026-09-11 11:30:36.386398+00
d44b8877-3869-46b6-baab-83742677dfd4,46fcfbc4-a7fa-4c95-badb-58e7453fb30a,1,4b7a6cfc139949ec481d9bef0b035f93eacfdca41141be0d6ebb46f59f36529e,application/json,374,evidence/46fcfbc4-a7fa-4c95-badb-58e7453fb30a/v1/4b7a6cfc139949ec481d9bef0b035f93eacfdca41141be0d6ebb46f59f36529e,2026-09-11 11:30:35+00,SIM_NGINX,d55f9753-ec9c-405a-8304-71d591e8d7b4,2026-09-11 11:30:36.244189+00
57cb30df-0b02-4b85-af3d-ee8279b80e3f,a0ccc65a-fcbd-4595-9143-5173809b3ed3,1,546d7b327b9ac2a0ab2d8972c47b500204e47f9e574c0b0a7a1f408773fb7144,application/json,413,evidence/a0ccc65a-fcbd-4595-9143-5173809b3ed3/v1/546d7b327b9ac2a0ab2d8972c47b500204e47f9e574c0b0a7a1f408773fb7144,2026-09-11 11:30:35+00,SIM_NGINX,d55f9753-ec9c-405a-8304-71d591e8d7b4,2026-09-11 11:30:36.114083+00
27d61edb-33e5-45b1-8a07-d027977d3152,c24183b0-0503-4d28-8076-f048bd9787f4,1,c27f1961ecff2aa946497c88d39b5dc2a7812d0c00f4bbdc0727bcf63bdac4b1,application/json,408,evidence/c24183b0-0503-4d28-8076-f048bd9787f4/v1/c27f1961ecff2aa946497c88d39b5dc2a7812d0c00f4bbdc0727bcf63bdac4b1,2026-09-11 11:30:35+00,SIM_NGINX,d55f9753-ec9c-405a-8304-71d591e8d7b4,2026-09-11 11:30:35.969901+00
2dbd10d9-d12f-4f65-96ef-5657878df9ba,4f6cd539-4156-450c-acff-30ded94941e5,1,f4d91f927a42f8f7335f871f44db198a617611069b8fc4969a6296e20dbbf6d4,application/json,377,evidence/4f6cd539-4156-450c-acff-30ded94941e5/v1/f4d91f927a42f8f7335f871f44db198a617611069b8fc4969a6296e20dbbf6d4,2026-09-11 11:30:35+00,SIM_NGINX,d55f9753-ec9c-405a-8304-71d591e8d7b4,2026-09-11 11:30:35.837869+00
2759bc78-0126-450f-80cd-a6fe78ad054d,abcdc746-cf96-48ed-a164-003ec5088215,1,3dfecde16010dcf39d3ad8ae9da33093662bc498e79e5b99bb40861d5daf2872,application/json,416,evidence/abcdc746-cf96-48ed-a164-003ec5088215/v1/3dfecde16010dcf39d3ad8ae9da33093662bc498e79e5b99bb40861d5daf2872,2026-09-11 11:30:35+00,SIM_NGINX,d55f9753-ec9c-405a-8304-71d591e8d7b4,2026-09-11 11:30:35.700513+00
5661af69-a215-4840-9ba7-9c8402d0f685,74487e68-2c4a-47ca-b6d9-12fb8ccf9966,1,20b26e01960351315e68f2c141d70e4efb16e03baaa8901f0a5c056a75714a22,application/json,411,evidence/74487e68-2c4a-47ca-b6d9-12fb8ccf9966/v1/20b26e01960351315e68f2c141d70e4efb16e03baaa8901f0a5c056a75714a22,2026-09-11 11:30:35+00,SIM_NGINX,d55f9753-ec9c-405a-8304-71d591e8d7b4,2026-09-11 11:30:35.554235+00
aa47f188-f95b-472f-927b-cc901327953a,72ea1858-474f-4e42-9a6c-40a49b2471e5,1,d72d796a81d1336eec49633cb6c860c0551667e37afb7a6be06b52818709a847,application/json,380,evidence/72ea1858-474f-4e42-9a6c-40a49b2471e5/v1/d72d796a81d1336eec49633cb6c860c0551667e37afb7a6be06b52818709a847,2026-09-11 11:30:35+00,SIM_NGINX,d55f9753-ec9c-405a-8304-71d591e8d7b4,2026-09-11 11:30:35.38909+00
54ce4237-cb57-4aa0-acf2-8d1c4d1f8abc,1017c30e-dc7a-4d58-84b4-6af5fd964748,1,86f1d9e3ea76ac8c469c48bc7f38e84e4fd5f7b8de36553aac6217b4802001c1,application/json,419,evidence/1017c30e-dc7a-4d58-84b4-6af5fd964748/v1/86f1d9e3ea76ac8c469c48bc7f38e84e4fd5f7b8de36553aac6217b4802001c1,2026-09-11 11:30:35+00,SIM_NGINX,d55f9753-ec9c-405a-8304-71d591e8d7b4,2026-09-11 11:30:35.261247+00
08e98770-5fa1-4aa8-9122-bcb8b8cd292a,6ca98792-3344-4045-9679-8aef6e3e1e51,1,bf39c0266f43971c72bea3557c804c961fb18a0fa06273acab7c865f1063897f,application/json,414,evidence/6ca98792-3344-4045-9679-8aef6e3e1e51/v1/bf39c0266f43971c72bea3557c804c961fb18a0fa06273acab7c865f1063897f,2026-09-11 11:30:35+00,SIM_NGINX,d55f9753-ec9c-405a-8304-71d591e8d7b4,2026-09-11 11:30:35.128838+00
61004d35-58be-4e04-9cea-197bfed2df1e,9feb6340-143b-4c4d-90fb-3167b4a88bb5,1,5e92c72d5f56528e442d1a5dd64b97380c7188ab49b15cefa342810c53848f3f,application/json,384,evidence/9feb6340-143b-4c4d-90fb-3167b4a88bb5/v1/5e92c72d5f56528e442d1a5dd64b97380c7188ab49b15cefa342810c53848f3f,2026-09-11 11:30:34+00,SIM_MYSQL,d55f9753-ec9c-405a-8304-71d591e8d7b4,2026-09-11 11:30:34.985144+00
f9c83ae0-b377-4615-a597-7fb58c4da97c,f3853f03-8899-4f77-93c7-4d933865c056,1,4a15fe82059833b26eb6fc53034c491f1e2351de33fda8073efdded0d4f9cad9,application/json,397,evidence/f3853f03-8899-4f77-93c7-4d933865c056/v1/4a15fe82059833b26eb6fc53034c491f1e2351de33fda8073efdded0d4f9cad9,2026-09-11 11:30:34+00,SIM_MYSQL,d55f9753-ec9c-405a-8304-71d591e8d7b4,2026-09-11 11:30:34.827799+00
91ef1722-f37d-4d3d-9408-e695bccc35e2,3fd6488a-8241-4e58-bb00-9d963a401d32,1,85252470cfe0bda7cca05eb9e5bae3dc71a1f4986b1e1b5f3021596da10a72af,application/json,394,evidence/3fd6488a-8241-4e58-bb00-9d963a401d32/v1/85252470cfe0bda7cca05eb9e5bae3dc71a1f4986b1e1b5f3021596da10a72af,2026-09-11 11:30:34+00,SIM_MYSQL,d55f9753-ec9c-405a-8304-71d591e8d7b4,2026-09-11 11:30:34.655627+00
36da3bb7-bd3c-4f65-8a06-70c9f408ef54,d174b3ce-33e6-45a1-9064-ac4530be9a78,1,07bfcd2c2bb1d098ca2393eb0caa1699ef963ecacd0a93c1549a62557d21e618,application/json,387,evidence/d174b3ce-33e6-45a1-9064-ac4530be9a78/v1/07bfcd2c2bb1d098ca2393eb0caa1699ef963ecacd0a93c1549a62557d21e618,2026-09-11 11:30:33+00,SIM_MYSQL,d55f9753-ec9c-405a-8304-71d591e8d7b4,2026-09-11 11:30:34.456044+00
b27d1314-5e89-414e-92dd-d08dc4ff184a,e06ef7c9-0a31-42ad-b9e4-05289ad862d5,1,e7238e8f7109fc52eea3a540962a5d37a13f264b86439f44b78ab21ced1be981,application/json,400,evidence/e06ef7c9-0a31-42ad-b9e4-05289ad862d5/v1/e7238e8f7109fc52eea3a540962a5d37a13f264b86439f44b78ab21ced1be981,2026-09-11 11:30:33+00,SIM_MYSQL,d55f9753-ec9c-405a-8304-71d591e8d7b4,2026-09-11 11:30:34.043589+00
81dc24a6-0072-424f-8362-0ba19194ad42,842822b2-dc34-406d-bd47-6d1ab4614eca,1,7dfeb93924252292b4289a21791984426600e415003bafea97059600f14fdbcb,application/json,397,evidence/842822b2-dc34-406d-bd47-6d1ab4614eca/v1/7dfeb93924252292b4289a21791984426600e415003bafea97059600f14fdbcb,2026-09-11 11:30:33+00,SIM_MYSQL,d55f9753-ec9c-405a-8304-71d591e8d7b4,2026-09-11 11:30:33.138178+00
939e9f9a-1b3e-40b1-ae20-d76135491bde,ef4bc33b-fba4-4f63-aac0-f98b6b4a766f,1,4f86e97592be9622c5f0e2302e580d38bd973fdcc1b40577de0972f7e7bef222,application/json,390,evidence/ef4bc33b-fba4-4f63-aac0-f98b6b4a766f/v1/4f86e97592be9622c5f0e2302e580d38bd973fdcc1b40577de0972f7e7bef222,2026-09-11 11:30:32+00,SIM_MYSQL,d55f9753-ec9c-405a-8304-71d591e8d7b4,2026-09-11 11:30:32.738408+00
ab416bcc-52d7-46fb-b0c3-9bdf260c0652,bb7d3c55-84ac-4c59-a496-3373f9d9df57,1,db4324832300425f6d8fd948869c93d0da80c92171561ba697907da61f56ecfd,application/json,403,evidence/bb7d3c55-84ac-4c59-a496-3373f9d9df57/v1/db4324832300425f6d8fd948869c93d0da80c92171561ba697907da61f56ecfd,2026-09-11 11:30:32+00,SIM_MYSQL,d55f9753-ec9c-405a-8304-71d591e8d7b4,2026-09-11 11:30:32.575805+00
b8a4b621-8de8-4dd2-9695-09c9cd5f61ae,335186df-e87e-4316-93c2-9b4901b97691,1,7831f20bb0843d46e19ad74e815a191860bd950109b1254277b179547cc67d24,application/json,400,evidence/335186df-e87e-4316-93c2-9b4901b97691/v1/7831f20bb0843d46e19ad74e815a191860bd950109b1254277b179547cc67d24,2026-09-11 11:30:32+00,SIM_MYSQL,d55f9753-ec9c-405a-8304-71d591e8d7b4,2026-09-11 11:30:32.412971+00
8a36364e-c86f-4560-ad77-2cacc0e3bb10,1acff560-8eb1-4408-86e7-0fc18b18ed4c,1,b8951c37b6d51fd146ba0a97b455aee871a5fdf300a923948807181ed7734c23,application/json,382,evidence/1acff560-8eb1-4408-86e7-0fc18b18ed4c/v1/b8951c37b6d51fd146ba0a97b455aee871a5fdf300a923948807181ed7734c23,2026-09-11 11:30:31+00,SIM_POSTGRES,d55f9753-ec9c-405a-8304-71d591e8d7b4,2026-09-11 11:30:32.27836+00
4b1dfa7b-5a6c-45a3-89f9-617e319b77d8,28aa4984-520c-4827-af13-e3236eb7d287,1,db90eed95a6e8231b6659944c85fa1742d77e0338093a404678bdb09fe546807,application/json,412,evidence/28aa4984-520c-4827-af13-e3236eb7d287/v1/db90eed95a6e8231b6659944c85fa1742d77e0338093a404678bdb09fe546807,2026-09-11 11:30:31+00,SIM_POSTGRES,d55f9753-ec9c-405a-8304-71d591e8d7b4,2026-09-11 11:30:32.145039+00
cef2513f-e8bb-48e4-ac33-7f9d72d8e8eb,9dd56f31-cd13-4bb0-a7d1-1535416673fa,1,e105abed97431e4ef7f45c5233ceec2cedf0864a04bcf15f34a74e72521c4127,application/json,400,evidence/9dd56f31-cd13-4bb0-a7d1-1535416673fa/v1/e105abed97431e4ef7f45c5233ceec2cedf0864a04bcf15f34a74e72521c4127,2026-09-11 11:30:31+00,SIM_POSTGRES,d55f9753-ec9c-405a-8304-71d591e8d7b4,2026-09-11 11:30:32.031314+00
9548454e-f36c-4de2-909b-c23f3714832a,32c2bd28-8663-4b3f-bce0-a41d66f4f558,1,64724dc97e7eb3d164f18b8aeec0b60466c7d16f6d8aaaeaaa40079db792287a,application/json,401,evidence/32c2bd28-8663-4b3f-bce0-a41d66f4f558/v1/64724dc97e7eb3d164f18b8aeec0b60466c7d16f6d8aaaeaaa40079db792287a,2026-09-11 11:30:31+00,SIM_POSTGRES,d55f9753-ec9c-405a-8304-71d591e8d7b4,2026-09-11 11:30:31.886186+00
4493f19f-91a7-453b-abec-ee8e719e1c10,7717eab9-3715-47cd-aad0-37fbb2c8cf52,1,e6ef762a21ee39c96f5659b3d3d3198fea383d8178e9acf36bd872a0b48373af,application/json,385,evidence/7717eab9-3715-47cd-aad0-37fbb2c8cf52/v1/e6ef762a21ee39c96f5659b3d3d3198fea383d8178e9acf36bd872a0b48373af,2026-09-11 11:30:31+00,SIM_POSTGRES,d55f9753-ec9c-405a-8304-71d591e8d7b4,2026-09-11 11:30:31.749102+00
1a497447-7825-470c-97a1-a34a6e237efa,11f2c533-1319-46df-845d-9d7c236379fc,1,4acfcd7e6cab032653b2bb9309a6b01f6f04aaef805d5021767f5d136baf22c0,application/json,415,evidence/11f2c533-1319-46df-845d-9d7c236379fc/v1/4acfcd7e6cab032653b2bb9309a6b01f6f04aaef805d5021767f5d136baf22c0,2026-09-11 11:30:31+00,SIM_POSTGRES,d55f9753-ec9c-405a-8304-71d591e8d7b4,2026-09-11 11:30:31.605577+00
c77e9343-5940-4329-9ba5-5b7e0df5e090,289c761d-a387-4f28-a2b7-504d4fba38af,1,b03adb233ac199fe486c72b3de0ec37faafdcfd548aa5b4fd6667624b089a18d,application/json,403,evidence/289c761d-a387-4f28-a2b7-504d4fba38af/v1/b03adb233ac199fe486c72b3de0ec37faafdcfd548aa5b4fd6667624b089a18d,2026-09-11 11:30:31+00,SIM_POSTGRES,d55f9753-ec9c-405a-8304-71d591e8d7b4,2026-09-11 11:30:31.456404+00
d3f08fec-fbf4-4dfd-8484-682efea53a33,aa964db5-aea8-4053-b8df-2621d326cf98,1,02ed41c89fccce61c5f15a46133d4c6accf8575b40bf960f36b3de64cb9352cf,application/json,404,evidence/aa964db5-aea8-4053-b8df-2621d326cf98/v1/02ed41c89fccce61c5f15a46133d4c6accf8575b40bf960f36b3de64cb9352cf,2026-09-11 11:30:31+00,SIM_POSTGRES,d55f9753-ec9c-405a-8304-71d591e8d7b4,2026-09-11 11:30:31.307282+00
137e10f0-f68c-40df-9f01-0e0025be393e,96a9e157-aa06-42f0-9334-1af7483954ee,1,59ad5cb979deb75d2f9c6577e091e243aaa468939f2e1d10290cd4891a8e2365,application/json,388,evidence/96a9e157-aa06-42f0-9334-1af7483954ee/v1/59ad5cb979deb75d2f9c6577e091e243aaa468939f2e1d10290cd4891a8e2365,2026-09-11 11:30:30+00,SIM_POSTGRES,d55f9753-ec9c-405a-8304-71d591e8d7b4,2026-09-11 11:30:31.161115+00
de5752fc-564a-476f-bd83-6dbfa2cd5a0f,73bf6932-5a8e-488f-a54a-1708a83c40fd,1,be220c8c41700993a91b30c790189f85dc28befb9557e674520a13058a8b112c,application/json,418,evidence/73bf6932-5a8e-488f-a54a-1708a83c40fd/v1/be220c8c41700993a91b30c790189f85dc28befb9557e674520a13058a8b112c,2026-09-11 11:30:30+00,SIM_POSTGRES,d55f9753-ec9c-405a-8304-71d591e8d7b4,2026-09-11 11:30:31.012245+00
827d9069-1efb-415b-b23d-87995bcf34a9,7d1e175e-14c6-4a11-bde1-9045a822cbda,1,92c5191974d4699c45930d19f8336cf80dcd0d38d864e1261185ea30f23f70ad,application/json,406,evidence/7d1e175e-14c6-4a11-bde1-9045a822cbda/v1/92c5191974d4699c45930d19f8336cf80dcd0d38d864e1261185ea30f23f70ad,2026-09-11 11:30:30+00,SIM_POSTGRES,d55f9753-ec9c-405a-8304-71d591e8d7b4,2026-09-11 11:30:30.873269+00
2b3c5e24-5b74-48b6-9b14-9da8beb22cc1,07ac2778-87f5-45f3-b7ab-d09055780003,1,5084a1e38472ff81d3a4e3c87b0d9231ccaab0ecaffb60be6c14863fa7c4f28f,application/json,407,evidence/07ac2778-87f5-45f3-b7ab-d09055780003/v1/5084a1e38472ff81d3a4e3c87b0d9231ccaab0ecaffb60be6c14863fa7c4f28f,2026-09-11 11:30:30+00,SIM_POSTGRES,d55f9753-ec9c-405a-8304-71d591e8d7b4,2026-09-11 11:30:30.684715+00
f5b4acee-c9d3-4e85-b5ca-4fd8ba38f96c,fb32f3db-0647-4b6c-a357-433118bb12e0,1,4269142558dc6809c95ed48b1421d55d92f72595497007afbf2f066e7319f973,application/json,246,evidence/fb32f3db-0647-4b6c-a357-433118bb12e0/v1/4269142558dc6809c95ed48b1421d55d92f72595497007afbf2f066e7319f973,2026-09-11 11:30:30+00,MOCK_CONFLUENCE,d55f9753-ec9c-405a-8304-71d591e8d7b4,2026-09-11 11:30:30.500591+00
ebdc348b-47eb-4b34-90b8-34e69ac6ddae,b308e9f1-0a84-4ccc-9f9b-7f0e55a1743b,1,5e3ef07b5d230744c3ecb7d5b7d34bd6a1f7b026cf10ddfa0c2df81ec38eb768,application/json,246,evidence/b308e9f1-0a84-4ccc-9f9b-7f0e55a1743b/v1/5e3ef07b5d230744c3ecb7d5b7d34bd6a1f7b026cf10ddfa0c2df81ec38eb768,2026-09-11 11:30:30+00,MOCK_CONFLUENCE,d55f9753-ec9c-405a-8304-71d591e8d7b4,2026-09-11 11:30:30.36197+00
1d477b22-d1d8-4bc5-a274-69091bb9254d,143efc76-45f6-4fab-aa5d-1f7e262799cc,1,3d8d4cb177f91079761cc08586eb37b6680af50f0e9d78d2905362fb9ef52bd4,application/json,249,evidence/143efc76-45f6-4fab-aa5d-1f7e262799cc/v1/3d8d4cb177f91079761cc08586eb37b6680af50f0e9d78d2905362fb9ef52bd4,2026-09-11 11:30:30+00,MOCK_CONFLUENCE,d55f9753-ec9c-405a-8304-71d591e8d7b4,2026-09-11 11:30:30.206375+00
bd45a128-864a-4156-acd6-f5043f655cfb,a6b1fe0f-d89a-4228-9a08-3b54d253457f,1,cc0799e8daabf1e9e3bada220ee05d193dcaaca966ca2398e70461321a7bad0b,application/json,249,evidence/a6b1fe0f-d89a-4228-9a08-3b54d253457f/v1/cc0799e8daabf1e9e3bada220ee05d193dcaaca966ca2398e70461321a7bad0b,2026-09-11 11:30:30+00,MOCK_CONFLUENCE,d55f9753-ec9c-405a-8304-71d591e8d7b4,2026-09-11 11:30:30.072342+00
f5bb3b8f-8f14-4ab3-99ac-0deb87c734d4,f06f0a91-b2c5-4878-8d70-bef959b40f0a,1,26028d0124ea55d6083f8b99f2262df0d37f7216b33c34bea7d9fbb3aaf9d4fc,application/json,252,evidence/f06f0a91-b2c5-4878-8d70-bef959b40f0a/v1/26028d0124ea55d6083f8b99f2262df0d37f7216b33c34bea7d9fbb3aaf9d4fc,2026-09-11 11:30:29+00,MOCK_CONFLUENCE,d55f9753-ec9c-405a-8304-71d591e8d7b4,2026-09-11 11:30:29.924727+00
59940704-564c-45c6-b1b9-1403a85e9fcf,0336fbce-2d9a-4411-ade0-6817693e16b5,1,8948d82d578860230eeb386fe7234f952d9f712fc77aff947198c8a1a838a0aa,application/json,252,evidence/0336fbce-2d9a-4411-ade0-6817693e16b5/v1/8948d82d578860230eeb386fe7234f952d9f712fc77aff947198c8a1a838a0aa,2026-09-11 11:30:29+00,MOCK_CONFLUENCE,d55f9753-ec9c-405a-8304-71d591e8d7b4,2026-09-11 11:30:29.754886+00
9095efc6-5e61-471c-8ce5-bde4e096eecf,4dffeb31-1b68-4ade-be6c-4bc759b62b86,1,c7ca9501fd3f5696289c55a40150ba4555951f3565caffe4c9d8f40d7685287c,application/json,248,evidence/4dffeb31-1b68-4ade-be6c-4bc759b62b86/v1/c7ca9501fd3f5696289c55a40150ba4555951f3565caffe4c9d8f40d7685287c,2026-09-11 11:30:29+00,MOCK_GITHUB,d55f9753-ec9c-405a-8304-71d591e8d7b4,2026-09-11 11:30:29.552961+00
85b343aa-a50e-47d6-87e5-15bdc45ce197,0ef9d6b7-8347-46c4-b370-8781577ac103,1,60124cb4e886cceeda29a6baca1d5c4eb1506a75dcbb0ca622bef0ed0419ad6c,application/json,247,evidence/0ef9d6b7-8347-46c4-b370-8781577ac103/v1/60124cb4e886cceeda29a6baca1d5c4eb1506a75dcbb0ca622bef0ed0419ad6c,2026-09-11 11:30:29+00,MOCK_GITHUB,d55f9753-ec9c-405a-8304-71d591e8d7b4,2026-09-11 11:30:29.35408+00
16e7f19f-0d84-4365-9038-b4f726698a06,f5a89b44-40ee-4d79-be0d-52981d4fccb8,1,38bb9afd90a5e1ed1575b209e1bbaa778f7bb2f1f0cf3c563c204cb76708ea1a,application/json,251,evidence/f5a89b44-40ee-4d79-be0d-52981d4fccb8/v1/38bb9afd90a5e1ed1575b209e1bbaa778f7bb2f1f0cf3c563c204cb76708ea1a,2026-09-11 11:30:29+00,MOCK_GITHUB,d55f9753-ec9c-405a-8304-71d591e8d7b4,2026-09-11 11:30:29.199723+00
15b7f23a-6c6a-4695-8e83-59b0175a7260,2f6f0fea-af62-414b-9466-8f7c3545f08c,1,a6adc4233c7389a9a2656b7fae454d684c43b037d82e86052a13de43c8b289e1,application/json,250,evidence/2f6f0fea-af62-414b-9466-8f7c3545f08c/v1/a6adc4233c7389a9a2656b7fae454d684c43b037d82e86052a13de43c8b289e1,2026-09-11 11:30:29+00,MOCK_GITHUB,d55f9753-ec9c-405a-8304-71d591e8d7b4,2026-09-11 11:30:29.064618+00
78bcfb1b-7257-4bce-9de4-d98ab4bcb4b3,c7f74af8-ac48-40b8-9d30-c91333502c90,1,21c45b4fb7fa0add43d10cf4335be60d70b173cd12a14843986fd22b0c71b67b,application/json,254,evidence/c7f74af8-ac48-40b8-9d30-c91333502c90/v1/21c45b4fb7fa0add43d10cf4335be60d70b173cd12a14843986fd22b0c71b67b,2026-09-11 11:30:28+00,MOCK_GITHUB,d55f9753-ec9c-405a-8304-71d591e8d7b4,2026-09-11 11:30:28.915973+00
7d0ac163-cc34-44bc-ba74-2506c293b25a,68f14189-7535-4d6b-8248-240cba719988,1,b267f210fab9f26aa8fd1783e1a2e2ed930e1dc4bac59583cebef14254fe26f9,application/json,253,evidence/68f14189-7535-4d6b-8248-240cba719988/v1/b267f210fab9f26aa8fd1783e1a2e2ed930e1dc4bac59583cebef14254fe26f9,2026-09-11 11:30:28+00,MOCK_GITHUB,d55f9753-ec9c-405a-8304-71d591e8d7b4,2026-09-11 11:30:28.756641+00
486e65ed-80f9-4972-8705-2ed798c9c7f0,1fcded45-4a69-448d-b7ee-0d2ecec1b756,1,7cbb8d59dca0cf9ecd3ad597467677fef1be46a693e8cb6a8eb6d7382f2c157f,application/json,257,evidence/1fcded45-4a69-448d-b7ee-0d2ecec1b756/v1/7cbb8d59dca0cf9ecd3ad597467677fef1be46a693e8cb6a8eb6d7382f2c157f,2026-09-11 11:30:28+00,MOCK_SERVICENOW,d55f9753-ec9c-405a-8304-71d591e8d7b4,2026-09-11 11:30:28.505881+00
c5290150-2d8e-4aea-9ab3-6404e15a1e9b,9076961c-3a84-4eb9-9486-382494aa5465,1,8ced43e9918dad143cb579378856c57805c787d1e4159d36f0ba99f8c867698a,application/json,250,evidence/9076961c-3a84-4eb9-9486-382494aa5465/v1/8ced43e9918dad143cb579378856c57805c787d1e4159d36f0ba99f8c867698a,2026-09-11 11:30:28+00,MOCK_SERVICENOW,d55f9753-ec9c-405a-8304-71d591e8d7b4,2026-09-11 11:30:28.283361+00
d591b5c8-65ea-429b-999e-8b240c2a62b9,de79ade6-33f5-4b94-8702-e2a1bc8e6d2a,1,21995825252355ca614ae22a794790ba4821a131aa333a1705c0c2b146e7442c,application/json,260,evidence/de79ade6-33f5-4b94-8702-e2a1bc8e6d2a/v1/21995825252355ca614ae22a794790ba4821a131aa333a1705c0c2b146e7442c,2026-09-11 11:30:27+00,MOCK_SERVICENOW,d55f9753-ec9c-405a-8304-71d591e8d7b4,2026-09-11 11:30:28.13193+00
1d83699c-87a7-41e8-a9a6-944f124d46e7,59e7bbac-f4c0-4dc9-a7f2-79d724016b3c,1,9deb3cf198e02f408831ab0cab3ee06a5577f56cc8f85689eacb7f1cc68f9115,application/json,253,evidence/59e7bbac-f4c0-4dc9-a7f2-79d724016b3c/v1/9deb3cf198e02f408831ab0cab3ee06a5577f56cc8f85689eacb7f1cc68f9115,2026-09-11 11:30:27+00,MOCK_SERVICENOW,d55f9753-ec9c-405a-8304-71d591e8d7b4,2026-09-11 11:30:27.854757+00
401124ce-b3b2-4871-99a7-d77fbc52cc52,094d97c3-857c-41dd-82c9-40f268b01ab6,1,9873f8b71d60ac07682b0ee9f3b533dc0c626733d42988b3cb40997879a7a500,application/json,263,evidence/094d97c3-857c-41dd-82c9-40f268b01ab6/v1/9873f8b71d60ac07682b0ee9f3b533dc0c626733d42988b3cb40997879a7a500,2026-09-11 11:30:27+00,MOCK_SERVICENOW,d55f9753-ec9c-405a-8304-71d591e8d7b4,2026-09-11 11:30:27.694144+00
09b2dff6-e5f8-4b8b-915d-7fa8f5a4364a,64519cc0-9a78-4bb1-9027-3c2e1fe16e5f,1,0ed3b005a599b1105ae870f659c3487408fc9d253ba65172fa2a7ed5715cc0c1,application/json,256,evidence/64519cc0-9a78-4bb1-9027-3c2e1fe16e5f/v1/0ed3b005a599b1105ae870f659c3487408fc9d253ba65172fa2a7ed5715cc0c1,2026-09-11 11:30:27+00,MOCK_SERVICENOW,d55f9753-ec9c-405a-8304-71d591e8d7b4,2026-09-11 11:30:27.488163+00
e1cbe1ff-393e-4be0-9568-27c590072423,912a56a8-99fd-497b-875f-55b3dd83cacb,1,fb7ca944a2def7b51d536779193697b99b0085c177eecb5d8c2992f3ee2eef26,application/json,236,evidence/912a56a8-99fd-497b-875f-55b3dd83cacb/v1/fb7ca944a2def7b51d536779193697b99b0085c177eecb5d8c2992f3ee2eef26,2026-09-11 11:30:27+00,MOCK_JIRA,d55f9753-ec9c-405a-8304-71d591e8d7b4,2026-09-11 11:30:27.295357+00
5fde5343-162c-4444-8d77-8c55c8f5a035,715e07be-0886-41c6-aea2-c8ab7be7e612,1,56030241f80a5675751a698a1958bf384820f29247aed05a84a131dc0677349c,application/json,239,evidence/715e07be-0886-41c6-aea2-c8ab7be7e612/v1/56030241f80a5675751a698a1958bf384820f29247aed05a84a131dc0677349c,2026-09-11 11:30:27+00,MOCK_JIRA,d55f9753-ec9c-405a-8304-71d591e8d7b4,2026-09-11 11:30:27.130506+00
cd01e24a-3c57-4f10-a25e-4d228bcb9ff5,1fc33b73-84d8-4cd3-a23a-4f04b9fb6281,1,1de785b573d9c67a5cdacf3e8bc8c681e9fbe7b6c4f0fdf317f45b712b64b6ea,application/json,239,evidence/1fc33b73-84d8-4cd3-a23a-4f04b9fb6281/v1/1de785b573d9c67a5cdacf3e8bc8c681e9fbe7b6c4f0fdf317f45b712b64b6ea,2026-09-11 11:30:26+00,MOCK_JIRA,d55f9753-ec9c-405a-8304-71d591e8d7b4,2026-09-11 11:30:26.941225+00
7e357eed-c2f4-4494-af13-c0c4837fe785,28996a02-0c9d-4eb9-8613-61fe86a0e4ce,1,dfd9110aa9fdfa8524176aa80400932e63217b6dd7b129fc8b25f5a481dc34e0,application/json,242,evidence/28996a02-0c9d-4eb9-8613-61fe86a0e4ce/v1/dfd9110aa9fdfa8524176aa80400932e63217b6dd7b129fc8b25f5a481dc34e0,2026-09-11 11:30:26+00,MOCK_JIRA,d55f9753-ec9c-405a-8304-71d591e8d7b4,2026-09-11 11:30:26.74179+00
e1b869d3-31bf-4ec0-9704-418bc1260107,af9f022e-a0c3-4eb2-b71b-7dda8c0512a5,1,49e06e45a3d94c6bedefdcef64cc604c2f08fc6fe2ef33d3d6eafb674804c7e7,application/json,242,evidence/af9f022e-a0c3-4eb2-b71b-7dda8c0512a5/v1/49e06e45a3d94c6bedefdcef64cc604c2f08fc6fe2ef33d3d6eafb674804c7e7,2026-09-11 11:30:26+00,MOCK_JIRA,d55f9753-ec9c-405a-8304-71d591e8d7b4,2026-09-11 11:30:26.508303+00
dee7ee9f-5cc5-4228-ba26-79fede5bc697,fde821ae-00f6-40a4-9acb-96930cf660d7,1,8d05c7c97597f9bee336e804a26144fe44ddc9000bf9af039e3766cab6beb878,application/json,245,evidence/fde821ae-00f6-40a4-9acb-96930cf660d7/v1/8d05c7c97597f9bee336e804a26144fe44ddc9000bf9af039e3766cab6beb878,2026-09-11 11:30:26+00,MOCK_JIRA,d55f9753-ec9c-405a-8304-71d591e8d7b4,2026-09-11 11:30:26.133735+00
063f1133-95c1-47c5-9840-85621dbc1d1a,7cd1dcc8-6e1e-4b83-8f45-3e022ef51217,1,fa783194d2d35eae238f5f242291033634f95e33a0fbf2b12a2a14bbe82eb24b,application/json,420,evidence/7cd1dcc8-6e1e-4b83-8f45-3e022ef51217/v1/fa783194d2d35eae238f5f242291033634f95e33a0fbf2b12a2a14bbe82eb24b,2026-09-11 11:14:58.819885+00,predefined-query,,2026-09-11 11:14:58.821066+00
c13f99d6-8983-40a2-aa5f-1b51197ccf62,7eae4af9-4b6f-447d-8189-4afd6c18d9d9,1,9073f6dd06d646cbc6366911a53929fb5cc1ef17d8419587e8e704955f8baf67,application/json,376,evidence/7eae4af9-4b6f-447d-8189-4afd6c18d9d9/v1/9073f6dd06d646cbc6366911a53929fb5cc1ef17d8419587e8e704955f8baf67,2026-09-11 11:14:11.333554+00,predefined-query,,2026-09-11 11:14:11.358604+00
5023fbe0-e77b-4116-8d15-f61c14103a64,bca83c7b-fc1e-4c26-bbdc-66347057f7df,1,c1f03cd91d1022d4d4c800c3bbcea725871ad50522b6bd6209982b50e72c062f,application/json,105,evidence/bca83c7b-fc1e-4c26-bbdc-66347057f7df/v1/c1f03cd91d1022d4d4c800c3bbcea725871ad50522b6bd6209982b50e72c062f,2026-08-20 09:00:00+00,demo-seed,,2026-09-11 09:35:04.345939+00
bba90ca5-7bdf-4353-b481-bd445fef7694,8e459fff-8d37-4ff1-a141-aabbaf21753e,1,5a2e62b61fbbae5ada2a184b2f09e9baa3b1b16fa01880ed06290fcc97d53762,application/json,95,evidence/8e459fff-8d37-4ff1-a141-aabbaf21753e/v1/5a2e62b61fbbae5ada2a184b2f09e9baa3b1b16fa01880ed06290fcc97d53762,2026-08-19 09:00:00+00,demo-seed,,2026-09-11 09:35:04.038373+00
1b295afc-8b54-4e32-8685-d35a2fac499c,63644056-4f18-4cd7-8f26-e2610beb410a,1,ad46d609dabaa4a106e5d9658fd2a613cef49b5f8b6231bdd71d5226a7d36167,application/json,96,evidence/63644056-4f18-4cd7-8f26-e2610beb410a/v1/ad46d609dabaa4a106e5d9658fd2a613cef49b5f8b6231bdd71d5226a7d36167,2026-08-18 09:00:00+00,demo-seed,,2026-09-11 09:35:03.713867+00
2764afa6-39bf-461f-8c8b-11231f01c823,1d234faa-cc9e-4e5f-8f1a-ab4ddb63591f,1,3349e22880e29ab93489ae719f407feeb7880898f2f1e0487bf6c83a14e9c6c8,application/json,102,evidence/1d234faa-cc9e-4e5f-8f1a-ab4ddb63591f/v1/3349e22880e29ab93489ae719f407feeb7880898f2f1e0487bf6c83a14e9c6c8,2026-08-17 09:00:00+00,demo-seed,,2026-09-11 09:35:03.425418+00
ba07000d-d77b-401b-97e9-65f2886589ad,a1535330-c7db-416f-a66b-12e32ea00490,1,ac4ac55510e3a784d0c095631bb42938cc12be7b4dcea6d374a767ed058664a7,application/json,99,evidence/a1535330-c7db-416f-a66b-12e32ea00490/v1/ac4ac55510e3a784d0c095631bb42938cc12be7b4dcea6d374a767ed058664a7,2026-08-16 09:00:00+00,demo-seed,,2026-09-11 09:35:03.199551+00
3dfcf862-4842-434e-870c-cf7fd2da8a23,f0594414-f070-4f31-88a1-0506214ba1f4,1,d9a422dff085e2a970f0b2509dc4a42eb21a8f191f7e088f40d3fbfed90df10e,application/json,105,evidence/f0594414-f070-4f31-88a1-0506214ba1f4/v1/d9a422dff085e2a970f0b2509dc4a42eb21a8f191f7e088f40d3fbfed90df10e,2026-08-15 09:00:00+00,demo-seed,,2026-09-11 09:35:02.892963+00
ef0048e5-1374-43b3-b269-8f12f05fa534,a6e750f0-6578-4864-9d84-fe2d0f11dbd5,1,358536887a3127eb4236fcc539a7c289332e0ee5f2a18032200bd0f6202c66ee,application/json,102,evidence/a6e750f0-6578-4864-9d84-fe2d0f11dbd5/v1/358536887a3127eb4236fcc539a7c289332e0ee5f2a18032200bd0f6202c66ee,2026-08-14 09:00:00+00,demo-seed,,2026-09-11 09:35:00.597954+00
