id,evidence_key,application_id,application_slug,control_id,framework,source_system,source_object_id,title,current_version,latest_sha256,latest_collected_at,created_at,updated_at,lifecycle_state,reviewed_by,reviewed_at,lifecycle_note,target_date,target_date_comment
d7c75fed-d1f6-4387-92bc-643a6be73619,payments|PCI_DSS|PCI-DSS-12.10|SERVICENOW|servicenow-pci-dss-12.10,c48fd0a0-a98a-4933-b118-d53c4863ce00,payments,PCI-DSS-12.10,PCI_DSS,SERVICENOW,servicenow-pci-dss-12.10,payments_PCI-DSS-12.10_GENERAL_20260911_001,1,7096c2b7964b56ad00016bd9f127a0fdb1b6c2f06ad0e797381bf5796bc63a07,2026-09-11 11:30:39+00,2026-09-11 11:30:40.269166+00,2026-09-11 11:30:40.269166+00,DRAFT,,,,,
133172bf-2ebc-44b1-a5ea-64d13da66e1b,payments|ITPP|ITPP-INC-01|SERVICENOW|servicenow-itpp-inc-01,c48fd0a0-a98a-4933-b118-d53c4863ce00,payments,ITPP-INC-01,ITPP,SERVICENOW,servicenow-itpp-inc-01,payments_ITPP-INC-01_GENERAL_20260911_001,1,804c6ad26701569e6ba7531b955a2143ed53c87e54aec08f366438d067754db4,2026-09-11 11:30:39+00,2026-09-11 11:30:40.11154+00,2026-09-11 11:30:40.11154+00,DRAFT,,,,,
ef4bcc7f-8475-4514-b409-80f441a71f17,payments|ITPP|ITPP-CHG-02|SERVICENOW|servicenow-itpp-chg-02,c48fd0a0-a98a-4933-b118-d53c4863ce00,payments,ITPP-CHG-02,ITPP,SERVICENOW,servicenow-itpp-chg-02,payments_ITPP-CHG-02_CHANGE-TICKET_20260911_001,1,e0d31bf7275c1803bbfce7e8ee4b612f31031edd585b1c3aa0477d22a6cbe09d,2026-09-11 11:30:39+00,2026-09-11 11:30:39.92788+00,2026-09-11 11:30:39.92788+00,DRAFT,,,,,
154eff0e-2769-4b8b-aa06-39785c812044,net-banking|PCI_DSS|PCI-DSS-12.10|SERVICENOW|servicenow-pci-dss-12.10,f35f822a-0f10-44f9-a946-1bc8c3ef5175,net-banking,PCI-DSS-12.10,PCI_DSS,SERVICENOW,servicenow-pci-dss-12.10,net-banking_PCI-DSS-12.10_GENERAL_20260911_001,1,2fcec02b46f117cce7caf82ddef656d0bea4d9dc395b78407159beaf0f9c706d,2026-09-11 11:30:39+00,2026-09-11 11:30:39.735607+00,2026-09-11 11:30:39.735607+00,DRAFT,,,,,
85ddba5a-a66b-4116-9273-d76fb4110393,net-banking|ITPP|ITPP-INC-01|SERVICENOW|servicenow-itpp-inc-01,f35f822a-0f10-44f9-a946-1bc8c3ef5175,net-banking,ITPP-INC-01,ITPP,SERVICENOW,servicenow-itpp-inc-01,net-banking_ITPP-INC-01_GENERAL_20260911_001,1,19817c672d71bd0861cedf2f4d73002666d2234e1f049b2c94591d0e3939a060,2026-09-11 11:30:39+00,2026-09-11 11:30:39.5526+00,2026-09-11 11:30:39.5526+00,DRAFT,,,,,
3eb31cd6-bb9d-4425-a55d-26cde74eb6a2,net-banking|ITPP|ITPP-CHG-02|SERVICENOW|servicenow-itpp-chg-02,f35f822a-0f10-44f9-a946-1bc8c3ef5175,net-banking,ITPP-CHG-02,ITPP,SERVICENOW,servicenow-itpp-chg-02,net-banking_ITPP-CHG-02_CHANGE-TICKET_20260911_001,1,97889c6d042a0366f761473d37b4d1d22de44d0c7b638902e6be93bb6dc8df22,2026-09-11 11:30:39+00,2026-09-11 11:30:39.386054+00,2026-09-11 11:30:39.386054+00,DRAFT,,,,,
faf039a9-49e2-4e57-a109-5348504c51af,mobile-banking|PCI_DSS|PCI-DSS-12.10|SERVICENOW|servicenow-pci-dss-12.10,700fe2e0-76a2-4cbd-bc13-b784e4d130b0,mobile-banking,PCI-DSS-12.10,PCI_DSS,SERVICENOW,servicenow-pci-dss-12.10,mobile-banking_PCI-DSS-12.10_GENERAL_20260911_001,1,6894117c02588fba8ee7e4b87b197066242f1fdf5e125ba4f39319e8882d4d20,2026-09-11 11:30:38+00,2026-09-11 11:30:39.247211+00,2026-09-11 11:30:39.247211+00,DRAFT,,,,,
0cbba80a-7fb6-445e-b910-4c2f3cc82291,mobile-banking|ITPP|ITPP-INC-01|SERVICENOW|servicenow-itpp-inc-01,700fe2e0-76a2-4cbd-bc13-b784e4d130b0,mobile-banking,ITPP-INC-01,ITPP,SERVICENOW,servicenow-itpp-inc-01,mobile-banking_ITPP-INC-01_GENERAL_20260911_001,1,6fc7da62682a74ab990023c4a6f1b7b3245f975ef38a37d38dfabe8ab229dd4b,2026-09-11 11:30:38+00,2026-09-11 11:30:39.073371+00,2026-09-11 11:30:39.073371+00,DRAFT,,,,,
3a6f538f-dabf-44fa-9bdf-68b6d7ad1f51,mobile-banking|ITPP|ITPP-CHG-02|SERVICENOW|servicenow-itpp-chg-02,700fe2e0-76a2-4cbd-bc13-b784e4d130b0,mobile-banking,ITPP-CHG-02,ITPP,SERVICENOW,servicenow-itpp-chg-02,mobile-banking_ITPP-CHG-02_CHANGE-TICKET_20260911_001,1,d18ca51ebe99fbf3f190a9230b4202ac5a498cbbb8beef5fb6e5a693751acec2,2026-09-11 11:30:38+00,2026-09-11 11:30:38.754649+00,2026-09-11 11:30:38.754649+00,DRAFT,,,,,
3c427540-629c-4d58-b1ee-119170ad7937,payments|PCI_DSS|PCI-DSS-12.1|SHAREPOINT|sharepoint-pci-dss-12.1,c48fd0a0-a98a-4933-b118-d53c4863ce00,payments,PCI-DSS-12.1,PCI_DSS,SHAREPOINT,sharepoint-pci-dss-12.1,payments_PCI-DSS-12.1_GENERAL_20260911_001,1,9aaa9249efbb007015beb1fc80d8a8e1d020c2b6758a63a284a689581ed26e67,2026-09-11 11:30:38+00,2026-09-11 11:30:38.521124+00,2026-09-11 11:30:38.521124+00,DRAFT,,,,,
ac3a164f-5ced-435e-8218-9a5cb9b24b37,payments|DPSC|DPSC-GOV-01|SHAREPOINT|sharepoint-dpsc-gov-01,c48fd0a0-a98a-4933-b118-d53c4863ce00,payments,DPSC-GOV-01,DPSC,SHAREPOINT,sharepoint-dpsc-gov-01,payments_DPSC-GOV-01_GENERAL_20260911_001,1,919e78f3ed5fa277e65aed20f7e6caeba29f2fc114b325bd14ab12eecb17b32d,2026-09-11 11:30:38+00,2026-09-11 11:30:38.384478+00,2026-09-11 11:30:38.384478+00,DRAFT,,,,,
f5111da2-d4f4-42aa-8404-5374de1a68ab,payments|ITPP|ITPP-DOC-03|SHAREPOINT|sharepoint-itpp-doc-03,c48fd0a0-a98a-4933-b118-d53c4863ce00,payments,ITPP-DOC-03,ITPP,SHAREPOINT,sharepoint-itpp-doc-03,payments_ITPP-DOC-03_GENERAL_20260911_001,1,3a4ffffe3e79bb3a13f01930a69400d0f6eb3852857216b1f2f54b79b084c146,2026-09-11 11:30:38+00,2026-09-11 11:30:38.245696+00,2026-09-11 11:30:38.245696+00,DRAFT,,,,,
ea8c3aea-413d-42ca-b74f-901c4c9e77b3,net-banking|PCI_DSS|PCI-DSS-12.1|SHAREPOINT|sharepoint-pci-dss-12.1,f35f822a-0f10-44f9-a946-1bc8c3ef5175,net-banking,PCI-DSS-12.1,PCI_DSS,SHAREPOINT,sharepoint-pci-dss-12.1,net-banking_PCI-DSS-12.1_GENERAL_20260911_001,1,e905a7cce67beecc7f61d10bb27648d025ab1ff608a1b6ad55bee324202855e6,2026-09-11 11:30:37+00,2026-09-11 11:30:38.070611+00,2026-09-11 11:30:38.070611+00,DRAFT,,,,,
0f9fb36e-df77-42a4-a382-47b47224f6e9,net-banking|DPSC|DPSC-GOV-01|SHAREPOINT|sharepoint-dpsc-gov-01,f35f822a-0f10-44f9-a946-1bc8c3ef5175,net-banking,DPSC-GOV-01,DPSC,SHAREPOINT,sharepoint-dpsc-gov-01,net-banking_DPSC-GOV-01_GENERAL_20260911_001,1,936d9262f6437cd055cbb40c2f7eced073bd6a63782f1007176cc5188225ace6,2026-09-11 11:30:37+00,2026-09-11 11:30:37.916692+00,2026-09-11 11:30:37.916692+00,DRAFT,,,,,
336368f7-ed2c-4162-a122-2f9f5a3375aa,net-banking|ITPP|ITPP-DOC-03|SHAREPOINT|sharepoint-itpp-doc-03,f35f822a-0f10-44f9-a946-1bc8c3ef5175,net-banking,ITPP-DOC-03,ITPP,SHAREPOINT,sharepoint-itpp-doc-03,net-banking_ITPP-DOC-03_GENERAL_20260911_001,1,a0ae6fc7caa5b15ff5ad634ae0a0a16bdb61c417664ac5b82b002e83776e6076,2026-09-11 11:30:37+00,2026-09-11 11:30:37.768383+00,2026-09-11 11:30:37.768383+00,DRAFT,,,,,
dff9d0a7-695e-41e2-bc33-28f73c80064d,mobile-banking|PCI_DSS|PCI-DSS-12.1|SHAREPOINT|sharepoint-pci-dss-12.1,700fe2e0-76a2-4cbd-bc13-b784e4d130b0,mobile-banking,PCI-DSS-12.1,PCI_DSS,SHAREPOINT,sharepoint-pci-dss-12.1,mobile-banking_PCI-DSS-12.1_GENERAL_20260911_001,1,26c3e64f53d1bbbce2e7a0bdf2fda94cbb49fab9b7959d538c8a2ffbd12325f8,2026-09-11 11:30:37+00,2026-09-11 11:30:37.62264+00,2026-09-11 11:30:37.62264+00,DRAFT,,,,,
f3434323-73cc-4bc5-a28e-e2eecca0408d,mobile-banking|DPSC|DPSC-GOV-01|SHAREPOINT|sharepoint-dpsc-gov-01,700fe2e0-76a2-4cbd-bc13-b784e4d130b0,mobile-banking,DPSC-GOV-01,DPSC,SHAREPOINT,sharepoint-dpsc-gov-01,mobile-banking_DPSC-GOV-01_GENERAL_20260911_001,1,bc145fe6fa1e52c52f200e8b6867b5640301bb4f69e4bcc033f484555dfe293a,2026-09-11 11:30:37+00,2026-09-11 11:30:37.440035+00,2026-09-11 11:30:37.440035+00,DRAFT,,,,,
fbd45b9a-45f6-4f06-a171-18d882ddd280,mobile-banking|ITPP|ITPP-DOC-03|SHAREPOINT|sharepoint-itpp-doc-03,700fe2e0-76a2-4cbd-bc13-b784e4d130b0,mobile-banking,ITPP-DOC-03,ITPP,SHAREPOINT,sharepoint-itpp-doc-03,mobile-banking_ITPP-DOC-03_GENERAL_20260911_001,1,a60bee63d8895648df82de4cfa8e332df1fcfacebf486d7e36e32d8795bf329e,2026-09-11 11:30:37+00,2026-09-11 11:30:37.268132+00,2026-09-11 11:30:37.268132+00,DRAFT,,,,,
4f0d8986-1f87-4f43-8526-e6a59a09a9db,payments|C-SITE|MW-AUTODEPLOY|SIM_TOMCAT|tomcat/mw-autodeploy,c48fd0a0-a98a-4933-b118-d53c4863ce00,payments,MW-AUTODEPLOY,C-SITE,SIM_TOMCAT,tomcat/mw-autodeploy,payments_MW-AUTODEPLOY_MIDDLEWARE-CONFIG_20260911_001,1,3e2323341d8a3dbada2b316abc7d64ea5bdf06a50989a791c482aaf7fa570306,2026-09-11 11:30:36+00,2026-09-11 11:30:37.124748+00,2026-09-11 11:30:37.124748+00,DRAFT,,,,,
88d194bb-6efb-4865-b0e7-884e4143522a,payments|PCI_DSS|MW-TLS-VERSION|SIM_TOMCAT|tomcat/mw-tls-version,c48fd0a0-a98a-4933-b118-d53c4863ce00,payments,MW-TLS-VERSION,PCI_DSS,SIM_TOMCAT,tomcat/mw-tls-version,payments_MW-TLS-VERSION_MIDDLEWARE-CONFIG_20260911_001,1,bb7611678eb9bf2e52c6b8df4f10c6bbcb4802415063bda67b1df0902907cc4c,2026-09-11 11:30:36+00,2026-09-11 11:30:36.977995+00,2026-09-11 11:30:36.977995+00,DRAFT,,,,,
443fa679-3ed5-479c-a44f-e6b1af578f77,net-banking|C-SITE|MW-AUTODEPLOY|SIM_TOMCAT|tomcat/mw-autodeploy,f35f822a-0f10-44f9-a946-1bc8c3ef5175,net-banking,MW-AUTODEPLOY,C-SITE,SIM_TOMCAT,tomcat/mw-autodeploy,net-banking_MW-AUTODEPLOY_MIDDLEWARE-CONFIG_20260911_001,1,f793e44495dd7d4cdd442cc22fa4eae6f03d07eda38e503204139c85d5b7ea89,2026-09-11 11:30:36+00,2026-09-11 11:30:36.845321+00,2026-09-11 11:30:36.845321+00,DRAFT,,,,,
0eb158a8-babd-43e8-b836-af3f03295946,net-banking|PCI_DSS|MW-TLS-VERSION|SIM_TOMCAT|tomcat/mw-tls-version,f35f822a-0f10-44f9-a946-1bc8c3ef5175,net-banking,MW-TLS-VERSION,PCI_DSS,SIM_TOMCAT,tomcat/mw-tls-version,net-banking_MW-TLS-VERSION_MIDDLEWARE-CONFIG_20260911_001,1,f94a2d63031e8a2a99556a4eca7787023f1ecf682e474188142c5af81593b350,2026-09-11 11:30:36+00,2026-09-11 11:30:36.684322+00,2026-09-11 11:30:36.684322+00,DRAFT,,,,,
f3d72654-f9cc-4900-b350-55701c813ffd,mobile-banking|C-SITE|MW-AUTODEPLOY|SIM_TOMCAT|tomcat/mw-autodeploy,700fe2e0-76a2-4cbd-bc13-b784e4d130b0,mobile-banking,MW-AUTODEPLOY,C-SITE,SIM_TOMCAT,tomcat/mw-autodeploy,mobile-banking_MW-AUTODEPLOY_MIDDLEWARE-CONFIG_20260911_001,1,59206f3f10024347ed335530e51278b165a69ccb24ac264e3feb5697b39973dc,2026-09-11 11:30:36+00,2026-09-11 11:30:36.53785+00,2026-09-11 11:30:36.53785+00,DRAFT,,,,,
f4963003-ae32-43c3-b58a-c6608b6ebe15,mobile-banking|PCI_DSS|MW-TLS-VERSION|SIM_TOMCAT|tomcat/mw-tls-version,700fe2e0-76a2-4cbd-bc13-b784e4d130b0,mobile-banking,MW-TLS-VERSION,PCI_DSS,SIM_TOMCAT,tomcat/mw-tls-version,mobile-banking_MW-TLS-VERSION_MIDDLEWARE-CONFIG_20260911_001,1,beed8f79dbe709aaa263c74a42f4205715ad6bdab819640a21c3d11681ded9eb,2026-09-11 11:30:36+00,2026-09-11 11:30:36.386398+00,2026-09-11 11:30:36.386398+00,DRAFT,,,,,
46fcfbc4-a7fa-4c95-badb-58e7453fb30a,payments|DPSC|MW-HSTS|SIM_NGINX|nginx/mw-hsts,c48fd0a0-a98a-4933-b118-d53c4863ce00,payments,MW-HSTS,DPSC,SIM_NGINX,nginx/mw-hsts,payments_MW-HSTS_MIDDLEWARE-CONFIG_20260911_001,1,4b7a6cfc139949ec481d9bef0b035f93eacfdca41141be0d6ebb46f59f36529e,2026-09-11 11:30:35+00,2026-09-11 11:30:36.244189+00,2026-09-11 11:30:36.244189+00,DRAFT,,,,,
a0ccc65a-fcbd-4595-9143-5173809b3ed3,payments|C-SITE|MW-BANNER-SUPPRESSION|SIM_NGINX|nginx/mw-banner-suppression,c48fd0a0-a98a-4933-b118-d53c4863ce00,payments,MW-BANNER-SUPPRESSION,C-SITE,SIM_NGINX,nginx/mw-banner-suppression,payments_MW-BANNER-SUPPRESSION_MIDDLEWARE-CONFIG_20260911_001,1,546d7b327b9ac2a0ab2d8972c47b500204e47f9e574c0b0a7a1f408773fb7144,2026-09-11 11:30:35+00,2026-09-11 11:30:36.114083+00,2026-09-11 11:30:36.114083+00,DRAFT,,,,,
c24183b0-0503-4d28-8076-f048bd9787f4,payments|PCI_DSS|MW-TLS-VERSION|SIM_NGINX|nginx/mw-tls-version,c48fd0a0-a98a-4933-b118-d53c4863ce00,payments,MW-TLS-VERSION,PCI_DSS,SIM_NGINX,nginx/mw-tls-version,payments_MW-TLS-VERSION_MIDDLEWARE-CONFIG_20260911_001,1,c27f1961ecff2aa946497c88d39b5dc2a7812d0c00f4bbdc0727bcf63bdac4b1,2026-09-11 11:30:35+00,2026-09-11 11:30:35.969901+00,2026-09-11 11:30:35.969901+00,DRAFT,,,,,
4f6cd539-4156-450c-acff-30ded94941e5,net-banking|DPSC|MW-HSTS|SIM_NGINX|nginx/mw-hsts,f35f822a-0f10-44f9-a946-1bc8c3ef5175,net-banking,MW-HSTS,DPSC,SIM_NGINX,nginx/mw-hsts,net-banking_MW-HSTS_MIDDLEWARE-CONFIG_20260911_001,1,f4d91f927a42f8f7335f871f44db198a617611069b8fc4969a6296e20dbbf6d4,2026-09-11 11:30:35+00,2026-09-11 11:30:35.837869+00,2026-09-11 11:30:35.837869+00,DRAFT,,,,,
abcdc746-cf96-48ed-a164-003ec5088215,net-banking|C-SITE|MW-BANNER-SUPPRESSION|SIM_NGINX|nginx/mw-banner-suppression,f35f822a-0f10-44f9-a946-1bc8c3ef5175,net-banking,MW-BANNER-SUPPRESSION,C-SITE,SIM_NGINX,nginx/mw-banner-suppression,net-banking_MW-BANNER-SUPPRESSION_MIDDLEWARE-CONFIG_20260911_001,1,3dfecde16010dcf39d3ad8ae9da33093662bc498e79e5b99bb40861d5daf2872,2026-09-11 11:30:35+00,2026-09-11 11:30:35.700513+00,2026-09-11 11:30:35.700513+00,DRAFT,,,,,
74487e68-2c4a-47ca-b6d9-12fb8ccf9966,net-banking|PCI_DSS|MW-TLS-VERSION|SIM_NGINX|nginx/mw-tls-version,f35f822a-0f10-44f9-a946-1bc8c3ef5175,net-banking,MW-TLS-VERSION,PCI_DSS,SIM_NGINX,nginx/mw-tls-version,net-banking_MW-TLS-VERSION_MIDDLEWARE-CONFIG_20260911_001,1,20b26e01960351315e68f2c141d70e4efb16e03baaa8901f0a5c056a75714a22,2026-09-11 11:30:35+00,2026-09-11 11:30:35.554235+00,2026-09-11 11:30:35.554235+00,DRAFT,,,,,
72ea1858-474f-4e42-9a6c-40a49b2471e5,mobile-banking|DPSC|MW-HSTS|SIM_NGINX|nginx/mw-hsts,700fe2e0-76a2-4cbd-bc13-b784e4d130b0,mobile-banking,MW-HSTS,DPSC,SIM_NGINX,nginx/mw-hsts,mobile-banking_MW-HSTS_MIDDLEWARE-CONFIG_20260911_001,1,d72d796a81d1336eec49633cb6c860c0551667e37afb7a6be06b52818709a847,2026-09-11 11:30:35+00,2026-09-11 11:30:35.38909+00,2026-09-11 11:30:35.38909+00,DRAFT,,,,,
1017c30e-dc7a-4d58-84b4-6af5fd964748,mobile-banking|C-SITE|MW-BANNER-SUPPRESSION|SIM_NGINX|nginx/mw-banner-suppression,700fe2e0-76a2-4cbd-bc13-b784e4d130b0,mobile-banking,MW-BANNER-SUPPRESSION,C-SITE,SIM_NGINX,nginx/mw-banner-suppression,mobile-banking_MW-BANNER-SUPPRESSION_MIDDLEWARE-CONFIG_20260911_001,1,86f1d9e3ea76ac8c469c48bc7f38e84e4fd5f7b8de36553aac6217b4802001c1,2026-09-11 11:30:35+00,2026-09-11 11:30:35.261247+00,2026-09-11 11:30:35.261247+00,DRAFT,,,,,
6ca98792-3344-4045-9679-8aef6e3e1e51,mobile-banking|PCI_DSS|MW-TLS-VERSION|SIM_NGINX|nginx/mw-tls-version,700fe2e0-76a2-4cbd-bc13-b784e4d130b0,mobile-banking,MW-TLS-VERSION,PCI_DSS,SIM_NGINX,nginx/mw-tls-version,mobile-banking_MW-TLS-VERSION_MIDDLEWARE-CONFIG_20260911_001,1,bf39c0266f43971c72bea3557c804c961fb18a0fa06273acab7c865f1063897f,2026-09-11 11:30:35+00,2026-09-11 11:30:35.128838+00,2026-09-11 11:30:35.128838+00,DRAFT,,,,,
9feb6340-143b-4c4d-90fb-3167b4a88bb5,payments|C-SITE|DB-AUTH-NO-TRUST|SIM_MYSQL|mysql/db-auth-no-trust,c48fd0a0-a98a-4933-b118-d53c4863ce00,payments,DB-AUTH-NO-TRUST,C-SITE,SIM_MYSQL,mysql/db-auth-no-trust,payments_DB-AUTH-NO-TRUST_DB-CONFIG_20260911_001,1,5e92c72d5f56528e442d1a5dd64b97380c7188ab49b15cefa342810c53848f3f,2026-09-11 11:30:34+00,2026-09-11 11:30:34.985144+00,2026-09-11 11:30:34.985144+00,DRAFT,,,,,
f3853f03-8899-4f77-93c7-4d933865c056,payments|PCI_DSS|DB-AUDIT-LOGGING|SIM_MYSQL|mysql/db-audit-logging,c48fd0a0-a98a-4933-b118-d53c4863ce00,payments,DB-AUDIT-LOGGING,PCI_DSS,SIM_MYSQL,mysql/db-audit-logging,payments_DB-AUDIT-LOGGING_DB-CONFIG_20260911_001,1,4a15fe82059833b26eb6fc53034c491f1e2351de33fda8073efdded0d4f9cad9,2026-09-11 11:30:34+00,2026-09-11 11:30:34.827799+00,2026-09-11 11:30:34.827799+00,DRAFT,,,,,
3fd6488a-8241-4e58-bb00-9d963a401d32,payments|PCI_DSS|DB-TLS-IN-TRANSIT|SIM_MYSQL|mysql/db-tls-in-transit,c48fd0a0-a98a-4933-b118-d53c4863ce00,payments,DB-TLS-IN-TRANSIT,PCI_DSS,SIM_MYSQL,mysql/db-tls-in-transit,payments_DB-TLS-IN-TRANSIT_DB-CONFIG_20260911_001,1,85252470cfe0bda7cca05eb9e5bae3dc71a1f4986b1e1b5f3021596da10a72af,2026-09-11 11:30:34+00,2026-09-11 11:30:34.655627+00,2026-09-11 11:30:34.655627+00,DRAFT,,,,,
d174b3ce-33e6-45a1-9064-ac4530be9a78,net-banking|C-SITE|DB-AUTH-NO-TRUST|SIM_MYSQL|mysql/db-auth-no-trust,f35f822a-0f10-44f9-a946-1bc8c3ef5175,net-banking,DB-AUTH-NO-TRUST,C-SITE,SIM_MYSQL,mysql/db-auth-no-trust,net-banking_DB-AUTH-NO-TRUST_DB-CONFIG_20260911_001,1,07bfcd2c2bb1d098ca2393eb0caa1699ef963ecacd0a93c1549a62557d21e618,2026-09-11 11:30:33+00,2026-09-11 11:30:34.456044+00,2026-09-11 11:30:34.456044+00,DRAFT,,,,,
e06ef7c9-0a31-42ad-b9e4-05289ad862d5,net-banking|PCI_DSS|DB-AUDIT-LOGGING|SIM_MYSQL|mysql/db-audit-logging,f35f822a-0f10-44f9-a946-1bc8c3ef5175,net-banking,DB-AUDIT-LOGGING,PCI_DSS,SIM_MYSQL,mysql/db-audit-logging,net-banking_DB-AUDIT-LOGGING_DB-CONFIG_20260911_001,1,e7238e8f7109fc52eea3a540962a5d37a13f264b86439f44b78ab21ced1be981,2026-09-11 11:30:33+00,2026-09-11 11:30:34.043589+00,2026-09-11 11:30:34.043589+00,DRAFT,,,,,
842822b2-dc34-406d-bd47-6d1ab4614eca,net-banking|PCI_DSS|DB-TLS-IN-TRANSIT|SIM_MYSQL|mysql/db-tls-in-transit,f35f822a-0f10-44f9-a946-1bc8c3ef5175,net-banking,DB-TLS-IN-TRANSIT,PCI_DSS,SIM_MYSQL,mysql/db-tls-in-transit,net-banking_DB-TLS-IN-TRANSIT_DB-CONFIG_20260911_001,1,7dfeb93924252292b4289a21791984426600e415003bafea97059600f14fdbcb,2026-09-11 11:30:33+00,2026-09-11 11:30:33.138178+00,2026-09-11 11:30:33.138178+00,DRAFT,,,,,
ef4bc33b-fba4-4f63-aac0-f98b6b4a766f,mobile-banking|C-SITE|DB-AUTH-NO-TRUST|SIM_MYSQL|mysql/db-auth-no-trust,700fe2e0-76a2-4cbd-bc13-b784e4d130b0,mobile-banking,DB-AUTH-NO-TRUST,C-SITE,SIM_MYSQL,mysql/db-auth-no-trust,mobile-banking_DB-AUTH-NO-TRUST_DB-CONFIG_20260911_001,1,4f86e97592be9622c5f0e2302e580d38bd973fdcc1b40577de0972f7e7bef222,2026-09-11 11:30:32+00,2026-09-11 11:30:32.738408+00,2026-09-11 11:30:32.738408+00,DRAFT,,,,,
bb7d3c55-84ac-4c59-a496-3373f9d9df57,mobile-banking|PCI_DSS|DB-AUDIT-LOGGING|SIM_MYSQL|mysql/db-audit-logging,700fe2e0-76a2-4cbd-bc13-b784e4d130b0,mobile-banking,DB-AUDIT-LOGGING,PCI_DSS,SIM_MYSQL,mysql/db-audit-logging,mobile-banking_DB-AUDIT-LOGGING_DB-CONFIG_20260911_001,1,db4324832300425f6d8fd948869c93d0da80c92171561ba697907da61f56ecfd,2026-09-11 11:30:32+00,2026-09-11 11:30:32.575805+00,2026-09-11 11:30:32.575805+00,DRAFT,,,,,
335186df-e87e-4316-93c2-9b4901b97691,mobile-banking|PCI_DSS|DB-TLS-IN-TRANSIT|SIM_MYSQL|mysql/db-tls-in-transit,700fe2e0-76a2-4cbd-bc13-b784e4d130b0,mobile-banking,DB-TLS-IN-TRANSIT,PCI_DSS,SIM_MYSQL,mysql/db-tls-in-transit,mobile-banking_DB-TLS-IN-TRANSIT_DB-CONFIG_20260911_001,1,7831f20bb0843d46e19ad74e815a191860bd950109b1254277b179547cc67d24,2026-09-11 11:30:32+00,2026-09-11 11:30:32.412971+00,2026-09-11 11:30:32.412971+00,DRAFT,,,,,
1acff560-8eb1-4408-86e7-0fc18b18ed4c,payments|C-SITE|DB-AUTH-NO-TRUST|SIM_POSTGRES|postgresql/db-auth-no-trust,c48fd0a0-a98a-4933-b118-d53c4863ce00,payments,DB-AUTH-NO-TRUST,C-SITE,SIM_POSTGRES,postgresql/db-auth-no-trust,payments_DB-AUTH-NO-TRUST_DB-CONFIG_20260911_001,1,b8951c37b6d51fd146ba0a97b455aee871a5fdf300a923948807181ed7734c23,2026-09-11 11:30:31+00,2026-09-11 11:30:32.27836+00,2026-09-11 11:30:32.27836+00,DRAFT,,,,,
28aa4984-520c-4827-af13-e3236eb7d287,payments|C-SITE|DB-PASSWORD-STORAGE|SIM_POSTGRES|postgresql/db-password-storage,c48fd0a0-a98a-4933-b118-d53c4863ce00,payments,DB-PASSWORD-STORAGE,C-SITE,SIM_POSTGRES,postgresql/db-password-storage,payments_DB-PASSWORD-STORAGE_DB-CONFIG_20260911_001,1,db90eed95a6e8231b6659944c85fa1742d77e0338093a404678bdb09fe546807,2026-09-11 11:30:31+00,2026-09-11 11:30:32.145039+00,2026-09-11 11:30:32.145039+00,DRAFT,,,,,
9dd56f31-cd13-4bb0-a7d1-1535416673fa,payments|PCI_DSS|DB-AUDIT-LOGGING|SIM_POSTGRES|postgresql/db-audit-logging,c48fd0a0-a98a-4933-b118-d53c4863ce00,payments,DB-AUDIT-LOGGING,PCI_DSS,SIM_POSTGRES,postgresql/db-audit-logging,payments_DB-AUDIT-LOGGING_DB-CONFIG_20260911_001,1,e105abed97431e4ef7f45c5233ceec2cedf0864a04bcf15f34a74e72521c4127,2026-09-11 11:30:31+00,2026-09-11 11:30:32.031314+00,2026-09-11 11:30:32.031314+00,DRAFT,,,,,
32c2bd28-8663-4b3f-bce0-a41d66f4f558,payments|PCI_DSS|DB-TLS-IN-TRANSIT|SIM_POSTGRES|postgresql/db-tls-in-transit,c48fd0a0-a98a-4933-b118-d53c4863ce00,payments,DB-TLS-IN-TRANSIT,PCI_DSS,SIM_POSTGRES,postgresql/db-tls-in-transit,payments_DB-TLS-IN-TRANSIT_DB-CONFIG_20260911_001,1,64724dc97e7eb3d164f18b8aeec0b60466c7d16f6d8aaaeaaa40079db792287a,2026-09-11 11:30:31+00,2026-09-11 11:30:31.886186+00,2026-09-11 11:30:31.886186+00,DRAFT,,,,,
7717eab9-3715-47cd-aad0-37fbb2c8cf52,net-banking|C-SITE|DB-AUTH-NO-TRUST|SIM_POSTGRES|postgresql/db-auth-no-trust,f35f822a-0f10-44f9-a946-1bc8c3ef5175,net-banking,DB-AUTH-NO-TRUST,C-SITE,SIM_POSTGRES,postgresql/db-auth-no-trust,net-banking_DB-AUTH-NO-TRUST_DB-CONFIG_20260911_001,1,e6ef762a21ee39c96f5659b3d3d3198fea383d8178e9acf36bd872a0b48373af,2026-09-11 11:30:31+00,2026-09-11 11:30:31.749102+00,2026-09-11 11:30:31.749102+00,DRAFT,,,,,
11f2c533-1319-46df-845d-9d7c236379fc,net-banking|C-SITE|DB-PASSWORD-STORAGE|SIM_POSTGRES|postgresql/db-password-storage,f35f822a-0f10-44f9-a946-1bc8c3ef5175,net-banking,DB-PASSWORD-STORAGE,C-SITE,SIM_POSTGRES,postgresql/db-password-storage,net-banking_DB-PASSWORD-STORAGE_DB-CONFIG_20260911_001,1,4acfcd7e6cab032653b2bb9309a6b01f6f04aaef805d5021767f5d136baf22c0,2026-09-11 11:30:31+00,2026-09-11 11:30:31.605577+00,2026-09-11 11:30:31.605577+00,DRAFT,,,,,
289c761d-a387-4f28-a2b7-504d4fba38af,net-banking|PCI_DSS|DB-AUDIT-LOGGING|SIM_POSTGRES|postgresql/db-audit-logging,f35f822a-0f10-44f9-a946-1bc8c3ef5175,net-banking,DB-AUDIT-LOGGING,PCI_DSS,SIM_POSTGRES,postgresql/db-audit-logging,net-banking_DB-AUDIT-LOGGING_DB-CONFIG_20260911_001,1,b03adb233ac199fe486c72b3de0ec37faafdcfd548aa5b4fd6667624b089a18d,2026-09-11 11:30:31+00,2026-09-11 11:30:31.456404+00,2026-09-11 11:30:31.456404+00,DRAFT,,,,,
aa964db5-aea8-4053-b8df-2621d326cf98,net-banking|PCI_DSS|DB-TLS-IN-TRANSIT|SIM_POSTGRES|postgresql/db-tls-in-transit,f35f822a-0f10-44f9-a946-1bc8c3ef5175,net-banking,DB-TLS-IN-TRANSIT,PCI_DSS,SIM_POSTGRES,postgresql/db-tls-in-transit,net-banking_DB-TLS-IN-TRANSIT_DB-CONFIG_20260911_001,1,02ed41c89fccce61c5f15a46133d4c6accf8575b40bf960f36b3de64cb9352cf,2026-09-11 11:30:31+00,2026-09-11 11:30:31.307282+00,2026-09-11 11:30:31.307282+00,DRAFT,,,,,
96a9e157-aa06-42f0-9334-1af7483954ee,mobile-banking|C-SITE|DB-AUTH-NO-TRUST|SIM_POSTGRES|postgresql/db-auth-no-trust,700fe2e0-76a2-4cbd-bc13-b784e4d130b0,mobile-banking,DB-AUTH-NO-TRUST,C-SITE,SIM_POSTGRES,postgresql/db-auth-no-trust,mobile-banking_DB-AUTH-NO-TRUST_DB-CONFIG_20260911_001,1,59ad5cb979deb75d2f9c6577e091e243aaa468939f2e1d10290cd4891a8e2365,2026-09-11 11:30:30+00,2026-09-11 11:30:31.161115+00,2026-09-11 11:30:31.161115+00,DRAFT,,,,,
73bf6932-5a8e-488f-a54a-1708a83c40fd,mobile-banking|C-SITE|DB-PASSWORD-STORAGE|SIM_POSTGRES|postgresql/db-password-storage,700fe2e0-76a2-4cbd-bc13-b784e4d130b0,mobile-banking,DB-PASSWORD-STORAGE,C-SITE,SIM_POSTGRES,postgresql/db-password-storage,mobile-banking_DB-PASSWORD-STORAGE_DB-CONFIG_20260911_001,1,be220c8c41700993a91b30c790189f85dc28befb9557e674520a13058a8b112c,2026-09-11 11:30:30+00,2026-09-11 11:30:31.012245+00,2026-09-11 11:30:31.012245+00,DRAFT,,,,,
7d1e175e-14c6-4a11-bde1-9045a822cbda,mobile-banking|PCI_DSS|DB-AUDIT-LOGGING|SIM_POSTGRES|postgresql/db-audit-logging,700fe2e0-76a2-4cbd-bc13-b784e4d130b0,mobile-banking,DB-AUDIT-LOGGING,PCI_DSS,SIM_POSTGRES,postgresql/db-audit-logging,mobile-banking_DB-AUDIT-LOGGING_DB-CONFIG_20260911_001,1,92c5191974d4699c45930d19f8336cf80dcd0d38d864e1261185ea30f23f70ad,2026-09-11 11:30:30+00,2026-09-11 11:30:30.873269+00,2026-09-11 11:30:30.873269+00,DRAFT,,,,,
07ac2778-87f5-45f3-b7ab-d09055780003,mobile-banking|PCI_DSS|DB-TLS-IN-TRANSIT|SIM_POSTGRES|postgresql/db-tls-in-transit,700fe2e0-76a2-4cbd-bc13-b784e4d130b0,mobile-banking,DB-TLS-IN-TRANSIT,PCI_DSS,SIM_POSTGRES,postgresql/db-tls-in-transit,mobile-banking_DB-TLS-IN-TRANSIT_DB-CONFIG_20260911_001,1,5084a1e38472ff81d3a4e3c87b0d9231ccaab0ecaffb60be6c14863fa7c4f28f,2026-09-11 11:30:30+00,2026-09-11 11:30:30.684715+00,2026-09-11 11:30:30.684715+00,DRAFT,,,,,
fb32f3db-0647-4b6c-a357-433118bb12e0,payments|DPSC|DPSC-GOV-01|MOCK_CONFLUENCE|mock_confluence-dpsc-gov-01,c48fd0a0-a98a-4933-b118-d53c4863ce00,payments,DPSC-GOV-01,DPSC,MOCK_CONFLUENCE,mock_confluence-dpsc-gov-01,payments_DPSC-GOV-01_GENERAL_20260911_001,1,4269142558dc6809c95ed48b1421d55d92f72595497007afbf2f066e7319f973,2026-09-11 11:30:30+00,2026-09-11 11:30:30.500591+00,2026-09-11 11:30:30.500591+00,DRAFT,,,,,
b308e9f1-0a84-4ccc-9f9b-7f0e55a1743b,payments|ITPP|ITPP-DOC-03|MOCK_CONFLUENCE|mock_confluence-itpp-doc-03,c48fd0a0-a98a-4933-b118-d53c4863ce00,payments,ITPP-DOC-03,ITPP,MOCK_CONFLUENCE,mock_confluence-itpp-doc-03,payments_ITPP-DOC-03_GENERAL_20260911_001,1,5e3ef07b5d230744c3ecb7d5b7d34bd6a1f7b026cf10ddfa0c2df81ec38eb768,2026-09-11 11:30:30+00,2026-09-11 11:30:30.36197+00,2026-09-11 11:30:30.36197+00,DRAFT,,,,,
143efc76-45f6-4fab-aa5d-1f7e262799cc,net-banking|DPSC|DPSC-GOV-01|MOCK_CONFLUENCE|mock_confluence-dpsc-gov-01,f35f822a-0f10-44f9-a946-1bc8c3ef5175,net-banking,DPSC-GOV-01,DPSC,MOCK_CONFLUENCE,mock_confluence-dpsc-gov-01,net-banking_DPSC-GOV-01_GENERAL_20260911_001,1,3d8d4cb177f91079761cc08586eb37b6680af50f0e9d78d2905362fb9ef52bd4,2026-09-11 11:30:30+00,2026-09-11 11:30:30.206375+00,2026-09-11 11:30:30.206375+00,DRAFT,,,,,
a6b1fe0f-d89a-4228-9a08-3b54d253457f,net-banking|ITPP|ITPP-DOC-03|MOCK_CONFLUENCE|mock_confluence-itpp-doc-03,f35f822a-0f10-44f9-a946-1bc8c3ef5175,net-banking,ITPP-DOC-03,ITPP,MOCK_CONFLUENCE,mock_confluence-itpp-doc-03,net-banking_ITPP-DOC-03_GENERAL_20260911_001,1,cc0799e8daabf1e9e3bada220ee05d193dcaaca966ca2398e70461321a7bad0b,2026-09-11 11:30:30+00,2026-09-11 11:30:30.072342+00,2026-09-11 11:30:30.072342+00,DRAFT,,,,,
f06f0a91-b2c5-4878-8d70-bef959b40f0a,mobile-banking|DPSC|DPSC-GOV-01|MOCK_CONFLUENCE|mock_confluence-dpsc-gov-01,700fe2e0-76a2-4cbd-bc13-b784e4d130b0,mobile-banking,DPSC-GOV-01,DPSC,MOCK_CONFLUENCE,mock_confluence-dpsc-gov-01,mobile-banking_DPSC-GOV-01_GENERAL_20260911_001,1,26028d0124ea55d6083f8b99f2262df0d37f7216b33c34bea7d9fbb3aaf9d4fc,2026-09-11 11:30:29+00,2026-09-11 11:30:29.924727+00,2026-09-11 11:30:29.924727+00,DRAFT,,,,,
0336fbce-2d9a-4411-ade0-6817693e16b5,mobile-banking|ITPP|ITPP-DOC-03|MOCK_CONFLUENCE|mock_confluence-itpp-doc-03,700fe2e0-76a2-4cbd-bc13-b784e4d130b0,mobile-banking,ITPP-DOC-03,ITPP,MOCK_CONFLUENCE,mock_confluence-itpp-doc-03,mobile-banking_ITPP-DOC-03_GENERAL_20260911_001,1,8948d82d578860230eeb386fe7234f952d9f712fc77aff947198c8a1a838a0aa,2026-09-11 11:30:29+00,2026-09-11 11:30:29.754886+00,2026-09-11 11:30:29.754886+00,DRAFT,,,,,
4dffeb31-1b68-4ade-be6c-4bc759b62b86,payments|DPSC|DPSC-SDLC-04|MOCK_GITHUB|mock_github-dpsc-sdlc-04,c48fd0a0-a98a-4933-b118-d53c4863ce00,payments,DPSC-SDLC-04,DPSC,MOCK_GITHUB,mock_github-dpsc-sdlc-04,payments_DPSC-SDLC-04_CODE-REVIEW_20260911_001,1,c7ca9501fd3f5696289c55a40150ba4555951f3565caffe4c9d8f40d7685287c,2026-09-11 11:30:29+00,2026-09-11 11:30:29.552961+00,2026-09-11 11:30:29.552961+00,DRAFT,,,,,
0ef9d6b7-8347-46c4-b370-8781577ac103,payments|PCI_DSS|PCI-DSS-6.2|MOCK_GITHUB|mock_github-pci-dss-6.2,c48fd0a0-a98a-4933-b118-d53c4863ce00,payments,PCI-DSS-6.2,PCI_DSS,MOCK_GITHUB,mock_github-pci-dss-6.2,payments_PCI-DSS-6.2_CODE-REVIEW_20260911_001,1,60124cb4e886cceeda29a6baca1d5c4eb1506a75dcbb0ca622bef0ed0419ad6c,2026-09-11 11:30:29+00,2026-09-11 11:30:29.35408+00,2026-09-11 11:30:29.35408+00,DRAFT,,,,,
f5a89b44-40ee-4d79-be0d-52981d4fccb8,net-banking|DPSC|DPSC-SDLC-04|MOCK_GITHUB|mock_github-dpsc-sdlc-04,f35f822a-0f10-44f9-a946-1bc8c3ef5175,net-banking,DPSC-SDLC-04,DPSC,MOCK_GITHUB,mock_github-dpsc-sdlc-04,net-banking_DPSC-SDLC-04_CODE-REVIEW_20260911_001,1,38bb9afd90a5e1ed1575b209e1bbaa778f7bb2f1f0cf3c563c204cb76708ea1a,2026-09-11 11:30:29+00,2026-09-11 11:30:29.199723+00,2026-09-11 11:30:29.199723+00,DRAFT,,,,,
2f6f0fea-af62-414b-9466-8f7c3545f08c,net-banking|PCI_DSS|PCI-DSS-6.2|MOCK_GITHUB|mock_github-pci-dss-6.2,f35f822a-0f10-44f9-a946-1bc8c3ef5175,net-banking,PCI-DSS-6.2,PCI_DSS,MOCK_GITHUB,mock_github-pci-dss-6.2,net-banking_PCI-DSS-6.2_CODE-REVIEW_20260911_001,1,a6adc4233c7389a9a2656b7fae454d684c43b037d82e86052a13de43c8b289e1,2026-09-11 11:30:29+00,2026-09-11 11:30:29.064618+00,2026-09-11 11:30:29.064618+00,DRAFT,,,,,
c7f74af8-ac48-40b8-9d30-c91333502c90,mobile-banking|DPSC|DPSC-SDLC-04|MOCK_GITHUB|mock_github-dpsc-sdlc-04,700fe2e0-76a2-4cbd-bc13-b784e4d130b0,mobile-banking,DPSC-SDLC-04,DPSC,MOCK_GITHUB,mock_github-dpsc-sdlc-04,mobile-banking_DPSC-SDLC-04_CODE-REVIEW_20260911_001,1,21c45b4fb7fa0add43d10cf4335be60d70b173cd12a14843986fd22b0c71b67b,2026-09-11 11:30:28+00,2026-09-11 11:30:28.915973+00,2026-09-11 11:30:28.915973+00,DRAFT,,,,,
68f14189-7535-4d6b-8248-240cba719988,mobile-banking|PCI_DSS|PCI-DSS-6.2|MOCK_GITHUB|mock_github-pci-dss-6.2,700fe2e0-76a2-4cbd-bc13-b784e4d130b0,mobile-banking,PCI-DSS-6.2,PCI_DSS,MOCK_GITHUB,mock_github-pci-dss-6.2,mobile-banking_PCI-DSS-6.2_CODE-REVIEW_20260911_001,1,b267f210fab9f26aa8fd1783e1a2e2ed930e1dc4bac59583cebef14254fe26f9,2026-09-11 11:30:28+00,2026-09-11 11:30:28.756641+00,2026-09-11 11:30:28.756641+00,DRAFT,,,,,
1fcded45-4a69-448d-b7ee-0d2ecec1b756,payments|PCI_DSS|PCI-DSS-12.10|MOCK_SERVICENOW|mock_servicenow-pci-dss-12.10,c48fd0a0-a98a-4933-b118-d53c4863ce00,payments,PCI-DSS-12.10,PCI_DSS,MOCK_SERVICENOW,mock_servicenow-pci-dss-12.10,payments_PCI-DSS-12.10_GENERAL_20260911_001,1,7cbb8d59dca0cf9ecd3ad597467677fef1be46a693e8cb6a8eb6d7382f2c157f,2026-09-11 11:30:28+00,2026-09-11 11:30:28.505881+00,2026-09-11 11:30:28.505881+00,DRAFT,,,,,
9076961c-3a84-4eb9-9486-382494aa5465,payments|ITPP|ITPP-INC-01|MOCK_SERVICENOW|mock_servicenow-itpp-inc-01,c48fd0a0-a98a-4933-b118-d53c4863ce00,payments,ITPP-INC-01,ITPP,MOCK_SERVICENOW,mock_servicenow-itpp-inc-01,payments_ITPP-INC-01_GENERAL_20260911_001,1,8ced43e9918dad143cb579378856c57805c787d1e4159d36f0ba99f8c867698a,2026-09-11 11:30:28+00,2026-09-11 11:30:28.283361+00,2026-09-11 11:30:28.283361+00,DRAFT,,,,,
de79ade6-33f5-4b94-8702-e2a1bc8e6d2a,net-banking|PCI_DSS|PCI-DSS-12.10|MOCK_SERVICENOW|mock_servicenow-pci-dss-12.10,f35f822a-0f10-44f9-a946-1bc8c3ef5175,net-banking,PCI-DSS-12.10,PCI_DSS,MOCK_SERVICENOW,mock_servicenow-pci-dss-12.10,net-banking_PCI-DSS-12.10_GENERAL_20260911_001,1,21995825252355ca614ae22a794790ba4821a131aa333a1705c0c2b146e7442c,2026-09-11 11:30:27+00,2026-09-11 11:30:28.13193+00,2026-09-11 11:30:28.13193+00,DRAFT,,,,,
59e7bbac-f4c0-4dc9-a7f2-79d724016b3c,net-banking|ITPP|ITPP-INC-01|MOCK_SERVICENOW|mock_servicenow-itpp-inc-01,f35f822a-0f10-44f9-a946-1bc8c3ef5175,net-banking,ITPP-INC-01,ITPP,MOCK_SERVICENOW,mock_servicenow-itpp-inc-01,net-banking_ITPP-INC-01_GENERAL_20260911_001,1,9deb3cf198e02f408831ab0cab3ee06a5577f56cc8f85689eacb7f1cc68f9115,2026-09-11 11:30:27+00,2026-09-11 11:30:27.854757+00,2026-09-11 11:30:27.854757+00,DRAFT,,,,,
094d97c3-857c-41dd-82c9-40f268b01ab6,mobile-banking|PCI_DSS|PCI-DSS-12.10|MOCK_SERVICENOW|mock_servicenow-pci-dss-12.10,700fe2e0-76a2-4cbd-bc13-b784e4d130b0,mobile-banking,PCI-DSS-12.10,PCI_DSS,MOCK_SERVICENOW,mock_servicenow-pci-dss-12.10,mobile-banking_PCI-DSS-12.10_GENERAL_20260911_001,1,9873f8b71d60ac07682b0ee9f3b533dc0c626733d42988b3cb40997879a7a500,2026-09-11 11:30:27+00,2026-09-11 11:30:27.694144+00,2026-09-11 11:30:27.694144+00,DRAFT,,,,,
64519cc0-9a78-4bb1-9027-3c2e1fe16e5f,mobile-banking|ITPP|ITPP-INC-01|MOCK_SERVICENOW|mock_servicenow-itpp-inc-01,700fe2e0-76a2-4cbd-bc13-b784e4d130b0,mobile-banking,ITPP-INC-01,ITPP,MOCK_SERVICENOW,mock_servicenow-itpp-inc-01,mobile-banking_ITPP-INC-01_GENERAL_20260911_001,1,0ed3b005a599b1105ae870f659c3487408fc9d253ba65172fa2a7ed5715cc0c1,2026-09-11 11:30:27+00,2026-09-11 11:30:27.488163+00,2026-09-11 11:30:27.488163+00,DRAFT,,,,,
912a56a8-99fd-497b-875f-55b3dd83cacb,payments|ITPP|ITPP-CHG-02|MOCK_JIRA|mock_jira-itpp-chg-02,c48fd0a0-a98a-4933-b118-d53c4863ce00,payments,ITPP-CHG-02,ITPP,MOCK_JIRA,mock_jira-itpp-chg-02,payments_ITPP-CHG-02_CHANGE-TICKET_20260911_001,1,fb7ca944a2def7b51d536779193697b99b0085c177eecb5d8c2992f3ee2eef26,2026-09-11 11:30:27+00,2026-09-11 11:30:27.295357+00,2026-09-11 11:30:27.295357+00,DRAFT,,,,,
715e07be-0886-41c6-aea2-c8ab7be7e612,payments|PCI_DSS|PCI-DSS-6.3|MOCK_JIRA|mock_jira-pci-dss-6.3,c48fd0a0-a98a-4933-b118-d53c4863ce00,payments,PCI-DSS-6.3,PCI_DSS,MOCK_JIRA,mock_jira-pci-dss-6.3,payments_PCI-DSS-6.3_CODE-REVIEW_20260911_001,1,56030241f80a5675751a698a1958bf384820f29247aed05a84a131dc0677349c,2026-09-11 11:30:27+00,2026-09-11 11:30:27.130506+00,2026-09-11 11:30:27.130506+00,DRAFT,,,,,
1fc33b73-84d8-4cd3-a23a-4f04b9fb6281,net-banking|ITPP|ITPP-CHG-02|MOCK_JIRA|mock_jira-itpp-chg-02,f35f822a-0f10-44f9-a946-1bc8c3ef5175,net-banking,ITPP-CHG-02,ITPP,MOCK_JIRA,mock_jira-itpp-chg-02,net-banking_ITPP-CHG-02_CHANGE-TICKET_20260911_001,1,1de785b573d9c67a5cdacf3e8bc8c681e9fbe7b6c4f0fdf317f45b712b64b6ea,2026-09-11 11:30:26+00,2026-09-11 11:30:26.941225+00,2026-09-11 11:30:26.941225+00,DRAFT,,,,,
28996a02-0c9d-4eb9-8613-61fe86a0e4ce,net-banking|PCI_DSS|PCI-DSS-6.3|MOCK_JIRA|mock_jira-pci-dss-6.3,f35f822a-0f10-44f9-a946-1bc8c3ef5175,net-banking,PCI-DSS-6.3,PCI_DSS,MOCK_JIRA,mock_jira-pci-dss-6.3,net-banking_PCI-DSS-6.3_CODE-REVIEW_20260911_001,1,dfd9110aa9fdfa8524176aa80400932e63217b6dd7b129fc8b25f5a481dc34e0,2026-09-11 11:30:26+00,2026-09-11 11:30:26.74179+00,2026-09-11 11:30:26.74179+00,DRAFT,,,,,
af9f022e-a0c3-4eb2-b71b-7dda8c0512a5,mobile-banking|ITPP|ITPP-CHG-02|MOCK_JIRA|mock_jira-itpp-chg-02,700fe2e0-76a2-4cbd-bc13-b784e4d130b0,mobile-banking,ITPP-CHG-02,ITPP,MOCK_JIRA,mock_jira-itpp-chg-02,mobile-banking_ITPP-CHG-02_CHANGE-TICKET_20260911_001,1,49e06e45a3d94c6bedefdcef64cc604c2f08fc6fe2ef33d3d6eafb674804c7e7,2026-09-11 11:30:26+00,2026-09-11 11:30:26.508303+00,2026-09-11 11:30:26.508303+00,DRAFT,,,,,
fde821ae-00f6-40a4-9acb-96930cf660d7,mobile-banking|PCI_DSS|PCI-DSS-6.3|MOCK_JIRA|mock_jira-pci-dss-6.3,700fe2e0-76a2-4cbd-bc13-b784e4d130b0,mobile-banking,PCI-DSS-6.3,PCI_DSS,MOCK_JIRA,mock_jira-pci-dss-6.3,mobile-banking_PCI-DSS-6.3_CODE-REVIEW_20260911_001,1,8d05c7c97597f9bee336e804a26144fe44ddc9000bf9af039e3766cab6beb878,2026-09-11 11:30:26+00,2026-09-11 11:30:26.133735+00,2026-09-11 11:30:26.133735+00,DRAFT,,,,,
7cd1dcc8-6e1e-4b83-8f45-3e022ef51217,mobile-banking|DB BASELINING|DB-002|PREDEFINED_QUERY|postgresql/DB-002,700fe2e0-76a2-4cbd-bc13-b784e4d130b0,mobile-banking,DB-002,DB Baselining,PREDEFINED_QUERY,postgresql/DB-002,mobile-banking_DB-002_SQL-OUTPUT_20260911_001,1,fa783194d2d35eae238f5f242291033634f95e33a0fbf2b12a2a14bbe82eb24b,2026-09-11 11:14:58.819885+00,2026-09-11 11:14:58.821066+00,2026-09-11 11:14:58.821066+00,DRAFT,,,,,
7eae4af9-4b6f-447d-8189-4afd6c18d9d9,mobile-banking|DB BASELINING|DB-001|PREDEFINED_QUERY|postgresql/DB-001,700fe2e0-76a2-4cbd-bc13-b784e4d130b0,mobile-banking,DB-001,DB Baselining,PREDEFINED_QUERY,postgresql/DB-001,mobile-banking_DB-001_SQL-OUTPUT_20260911_001,1,9073f6dd06d646cbc6366911a53929fb5cc1ef17d8419587e8e704955f8baf67,2026-09-11 11:14:11.333554+00,2026-09-11 11:14:11.358604+00,2026-09-11 11:14:11.358604+00,DRAFT,,,,,
bca83c7b-fc1e-4c26-bbdc-66347057f7df,net-banking|PCI_DSS|TLS-PROTOCOL-VERSION|AGENT_TLS|demo-tls-protocol-version,f35f822a-0f10-44f9-a946-1bc8c3ef5175,net-banking,TLS-PROTOCOL-VERSION,PCI_DSS,AGENT_TLS,demo-tls-protocol-version,net-banking_TLS-PROTOCOL-VERSION_TLS-SCAN_20260820_001,1,c1f03cd91d1022d4d4c800c3bbcea725871ad50522b6bd6209982b50e72c062f,2026-08-20 09:00:00+00,2026-09-11 09:35:04.345939+00,2026-09-11 09:35:04.345939+00,DRAFT,,,,,
8e459fff-8d37-4ff1-a141-aabbaf21753e,mobile-banking|DPSC|MW-HSTS|AGENT_MIDDLEWARE_NGINX|demo-mw-hsts,700fe2e0-76a2-4cbd-bc13-b784e4d130b0,mobile-banking,MW-HSTS,DPSC,AGENT_MIDDLEWARE_NGINX,demo-mw-hsts,mobile-banking_MW-HSTS_MIDDLEWARE-CONFIG_20260819_001,1,5a2e62b61fbbae5ada2a184b2f09e9baa3b1b16fa01880ed06290fcc97d53762,2026-08-19 09:00:00+00,2026-09-11 09:35:04.038373+00,2026-09-11 09:35:04.038373+00,DRAFT,,,,,
63644056-4f18-4cd7-8f26-e2610beb410a,payments|PCI_DSS|MW-TLS-VERSION|AGENT_MIDDLEWARE_NGINX|demo-mw-tls-version,c48fd0a0-a98a-4933-b118-d53c4863ce00,payments,MW-TLS-VERSION,PCI_DSS,AGENT_MIDDLEWARE_NGINX,demo-mw-tls-version,payments_MW-TLS-VERSION_MIDDLEWARE-CONFIG_20260818_001,1,ad46d609dabaa4a106e5d9658fd2a613cef49b5f8b6231bdd71d5226a7d36167,2026-08-18 09:00:00+00,2026-09-11 09:35:03.713867+00,2026-09-11 09:35:03.713867+00,DRAFT,,,,,
1d234faa-cc9e-4e5f-8f1a-ab4ddb63591f,net-banking|PCI_DSS|DB-TLS-IN-TRANSIT|AGENT_DATABASE_POSTGRESQL|demo-db-tls-in-transit,f35f822a-0f10-44f9-a946-1bc8c3ef5175,net-banking,DB-TLS-IN-TRANSIT,PCI_DSS,AGENT_DATABASE_POSTGRESQL,demo-db-tls-in-transit,net-banking_DB-TLS-IN-TRANSIT_DB-CONFIG_20260817_001,1,3349e22880e29ab93489ae719f407feeb7880898f2f1e0487bf6c83a14e9c6c8,2026-08-17 09:00:00+00,2026-09-11 09:35:03.425418+00,2026-09-11 09:35:03.425418+00,DRAFT,,,,,
a1535330-c7db-416f-a66b-12e32ea00490,payments|PCI_DSS|DB-TLS-IN-TRANSIT|AGENT_DATABASE_POSTGRESQL|demo-db-tls-in-transit,c48fd0a0-a98a-4933-b118-d53c4863ce00,payments,DB-TLS-IN-TRANSIT,PCI_DSS,AGENT_DATABASE_POSTGRESQL,demo-db-tls-in-transit,payments_DB-TLS-IN-TRANSIT_DB-CONFIG_20260816_001,1,ac4ac55510e3a784d0c095631bb42938cc12be7b4dcea6d374a767ed058664a7,2026-08-16 09:00:00+00,2026-09-11 09:35:03.199551+00,2026-09-11 09:35:03.199551+00,DRAFT,,,,,
f0594414-f070-4f31-88a1-0506214ba1f4,mobile-banking|C-SITE|OS-SSH-ROOT-LOGIN|AGENT_OS_LINUX|demo-os-ssh-root-login,700fe2e0-76a2-4cbd-bc13-b784e4d130b0,mobile-banking,OS-SSH-ROOT-LOGIN,C-SITE,AGENT_OS_LINUX,demo-os-ssh-root-login,mobile-banking_OS-SSH-ROOT-LOGIN_HOST-CONFIG_20260815_001,1,d9a422dff085e2a970f0b2509dc4a42eb21a8f191f7e088f40d3fbfed90df10e,2026-08-15 09:00:00+00,2026-09-11 09:35:02.892963+00,2026-09-11 09:35:02.892963+00,DRAFT,,,,,
a6e750f0-6578-4864-9d84-fe2d0f11dbd5,net-banking|C-SITE|OS-SSH-ROOT-LOGIN|AGENT_OS_LINUX|demo-os-ssh-root-login,f35f822a-0f10-44f9-a946-1bc8c3ef5175,net-banking,OS-SSH-ROOT-LOGIN,C-SITE,AGENT_OS_LINUX,demo-os-ssh-root-login,net-banking_OS-SSH-ROOT-LOGIN_HOST-CONFIG_20260814_001,1,358536887a3127eb4236fcc539a7c289332e0ee5f2a18032200bd0f6202c66ee,2026-08-14 09:00:00+00,2026-09-11 09:35:00.597954+00,2026-09-11 09:35:00.597954+00,DRAFT,,,,,
